query	superkingdom	kingdom	phylum	subphylum	superclass	class	subclass	infraclass	cohort	subcohort	superorder	order	suborder	infraorder	superfamily	family	subfamily	tribe	genus	species
otu_001	Eukaryota	Metazoa	Chordata	Craniata	Actinopterygii	Actinopteri	Neopterygii	Teleostei	Otomorpha	Ostariophysi	Cypriniphysae	Cypriniformes	Cyprinoidei	Danionidae	Danionidae	Danionidae	Chedrinae	Cabdio	Cabdio	Cabdio morar
otu_002	Eukaryota	Metazoa	Chordata	Craniata	Actinopterygii	Actinopteri	Neopterygii	Teleostei	Euteleosteomorpha	Tetraodontiformes	Tetraodontiformes	Tetraodontiformes	Tetraodontoidei	Tetradontoidea	Tetradontoidea	Tetraodontidae	Lagocephalus	Lagocephalus	Lagocephalus	Lagocephalus sceleratus
otu_003	Eukaryota	Metazoa	Chordata	Craniata	Actinopterygii	Actinopteri	Neopterygii	Teleostei	Otomorpha	Ostariophysi	Characiphysae	Siluriformes	Loricarioidei	Loricariidae	Loricariidae	Loricariidae	Hypoptopomatinae	Hypoptopoma	Hypoptopoma	Hypoptopoma incognitum
otu_004	Eukaryota	Metazoa	Chordata	Craniata	Actinopterygii	Actinopteri	Neopterygii	Teleostei	Otomorpha	Ostariophysi	Cypriniphysae	Cypriniformes	Cyprinoidei	Acheilognathidae	Acheilognathidae	Acheilognathidae	Rhodeus	Rhodeus	Rhodeus	Rhodeus lighti
otu_005	Eukaryota	Metazoa	Chordata	Craniata	Actinopterygii	Actinopteri	Neopterygii	Teleostei	Otomorpha	Clupei	Clupeiformes	Clupeiformes	Clupeoidei	Dussumieriidae	Dussumieriidae	Dussumieriidae	Etrumeus	Etrumeus	Etrumeus	Etrumeus micropus
otu_006	Eukaryota	Metazoa	Chordata	Craniata	Actinopterygii	Actinopteri	Neopterygii	Teleostei	Otomorpha	Ostariophysi	Characiphysae	Siluriformes	Siluroidei	Ictaluridae	Ictaluridae	Ictaluridae	Ictalurus	Ictalurus	Ictalurus	Ictalurus furcatus
otu_007	Eukaryota	Metazoa	Chordata	Craniata	Actinopterygii	Actinopteri	Neopterygii	Teleostei	Otomorpha	Ostariophysi	Cypriniphysae	Cypriniformes	Cobitoidei	Nemacheilidae	Nemacheilidae	Nemacheilidae	Oreonectes	Oreonectes	Oreonectes	Oreonectes daqikongensis
otu_008	Eukaryota	Metazoa	Chordata	Craniata	Actinopterygii	Actinopteri	Neopterygii	Teleostei	Euteleosteomorpha	Tetraodontiformes	Tetraodontiformes	Tetraodontiformes	Balistoidea	Balistoidea	Balistoidea	Monacanthidae	Stephanolepis	Stephanolepis	Stephanolepis	Stephanolepis cirrhifer
otu_009	Eukaryota	Metazoa	Chordata	Craniata	Actinopterygii	Actinopteri	Neopterygii	Teleostei	Euteleosteomorpha	Pomacanthidae	Pomacanthidae	Pomacanthidae	Pomacanthidae	Pomacanthidae	Pomacanthidae	Pomacanthidae	Centropyge	Centropyge	Centropyge	Centropyge deborae
otu_010	Eukaryota	Metazoa	Chordata	Craniata	Actinopterygii	Actinopteri	Neopterygii	Teleostei	Euteleosteomorpha	Atherinomorphae	Atherinomorphae	Cyprinodontiformes	Aplocheiloidei	Aplocheilidae	Aplocheilidae	Aplocheilidae	Pachypanchax	Pachypanchax	Pachypanchax	Pachypanchax playfairii
otu_011	Eukaryota	Metazoa	Chordata	Craniata	Actinopterygii	Actinopteri	Neopterygii	Teleostei	Euteleosteomorpha	Sciaenidae	Sciaenidae	Sciaenidae	Sciaenidae	Sciaenidae	Sciaenidae	Sciaenidae	Johnius	Johnius	Johnius	Johnius borneensis
otu_012	Eukaryota	Metazoa	Chordata	Craniata	Actinopterygii	Actinopteri	Neopterygii	Teleostei	Euteleosteomorpha	Atherinomorphae	Atherinomorphae	Beloniformes	Adrianichthyoidei	Adrianichthyidae	Adrianichthyidae	Adrianichthyidae	Oryziinae	Oryzias	Oryzias	Oryzias minutillus
otu_013	Eukaryota	Metazoa	Chordata	Craniata	Actinopterygii	Actinopteri	Neopterygii	Teleostei	Euteleosteomorpha	Spariformes	Spariformes	Spariformes	Nemipteridae	Nemipteridae	Nemipteridae	Nemipteridae	Nemipterus	Nemipterus	Nemipterus	Nemipterus bathybius
otu_014	Eukaryota	Metazoa	Chordata	Craniata	Actinopterygii	Actinopteri	Neopterygii	Teleostei	Euteleosteomorpha	Perciformes	Perciformes	Perciformes	Cottioidei	Gasterosteales	Gasterosteidae	Gasterosteidae	Pungitius	Pungitius	Pungitius	Pungitius sinensis
otu_015	Eukaryota	Metazoa	Chordata	Craniata	Actinopterygii	Actinopteri	Neopterygii	Teleostei	Otomorpha	Ostariophysi	Cypriniphysae	Cypriniformes	Cyprinoidei	Cyprinidae	Cyprinidae	Cyprinidae	Smiliogastrinae	Osteobrama	Osteobrama	Osteobrama belangeri
otu_016	Eukaryota	Metazoa	Chordata	Craniata	Actinopterygii	Actinopteri	Neopterygii	Teleostei	Otomorpha	Ostariophysi	Cypriniphysae	Cypriniformes	Cyprinoidei	Danionidae	Danionidae	Danionidae	Rasborinae	Rasbora	Rasbora	Rasbora sumatrana
otu_017	Eukaryota	Metazoa	Chordata	Craniata	Actinopterygii	Actinopteri	Neopterygii	Teleostei	Euteleosteomorpha	Beryciformes	Beryciformes	Beryciformes	Melamphaidae	Melamphaidae	Melamphaidae	Melamphaidae	Scopelogadus	Scopelogadus	Scopelogadus	Scopelogadus mizolepis
otu_018	Eukaryota	Metazoa	Chordata	Craniata	Actinopterygii	Actinopteri	Neopterygii	Teleostei	Euteleosteomorpha	Tetraodontiformes	Tetraodontiformes	Tetraodontiformes	Tetraodontoidei	Tetradontoidea	Tetradontoidea	Tetraodontidae	Carinotetraodon	Carinotetraodon	Carinotetraodon	Carinotetraodon lorteti
otu_019	Eukaryota	Metazoa	Chordata	Craniata	Actinopterygii	Actinopteri	Neopterygii	Teleostei	Euteleosteomorpha	Gobiiformes	Gobiiformes	Gobiiformes	Eleotroidei	Eleotridae	Eleotridae	Eleotridae	Eleotrinae	Gobiomorus	Gobiomorus	Gobiomorus maculatus
otu_020	Eukaryota	Metazoa	Chordata	Craniata	Actinopterygii	Actinopteri	Neopterygii	Teleostei	Euteleosteomorpha	Labriformes	Labriformes	Labriformes	Labridae	Labridae	Labridae	Labridae	Pseudolabrus	Pseudolabrus	Pseudolabrus	Pseudolabrus eoethinus
otu_021	Eukaryota	Metazoa	Chordata	Craniata	Actinopterygii	Actinopteri	Neopterygii	Teleostei	Euteleosteomorpha	Acanthuriformes	Acanthuriformes	Acanthuriformes	Acanthuridae	Acanthuridae	Acanthuridae	Acanthuridae	Nasinae	Naso	Naso	unidentified Naso
otu_022	Eukaryota	Metazoa	Chordata	Craniata	Actinopterygii	Actinopteri	Neopterygii	Teleostei	Euteleosteomorpha	Tetraodontiformes	Tetraodontiformes	Tetraodontiformes	Triacanthoidea	Triacanthoidea	Triacanthoidea	Triacanthidae	Trixiphichthys	Trixiphichthys	Trixiphichthys	Trixiphichthys weberi
otu_023	Eukaryota	Metazoa	Chordata	Craniata	Actinopterygii	Actinopteri	Neopterygii	Teleostei	Euteleosteomorpha	Cichlomorphae	Cichlomorphae	Cichliformes	Cichlidae	Cichlidae	Cichlidae	Cichlidae	Astronotinae	Astronotini	Astronotus	Astronotus ocellatus
otu_024	Eukaryota	Metazoa	Chordata	Craniata	Actinopterygii	Actinopteri	Neopterygii	Teleostei	Euteleosteomorpha	Pleuronectiformes	Pleuronectiformes	Pleuronectiformes	Pleuronectoidei	Soleidae	Soleidae	Soleidae	Solea	Solea	Solea	Solea ovata
otu_025	Eukaryota	Metazoa	Chordata	Craniata	Actinopterygii	Actinopteri	Neopterygii	Teleostei	Otomorpha	Ostariophysi	Cypriniphysae	Cypriniformes	Cyprinoidei	Xenocyprididae	Xenocyprididae	Xenocyprididae	Opsariichthyinae	Opsariichthys	Opsariichthys	Opsariichthys bidens
otu_026	Eukaryota	Metazoa	Chordata	Craniata	Actinopterygii	Actinopteri	Neopterygii	Teleostei	Osteoglossiformes	Osteoglossiformes	Osteoglossiformes	Osteoglossiformes	unidentified Osteoglossiformes	unidentified Osteoglossiformes	unidentified Osteoglossiformes	unidentified Osteoglossiformes	unidentified Osteoglossiformes	unidentified Osteoglossiformes	unidentified Osteoglossiformes	unidentified Osteoglossiformes
otu_027	Eukaryota	Metazoa	Chordata	Craniata	Actinopterygii	Actinopteri	Neopterygii	Teleostei	Elopiformes	Elopiformes	Elopiformes	Elopiformes	Elopidae	Elopidae	Elopidae	Elopidae	Elops	Elops	Elops	unidentified Elops
otu_028	Eukaryota	Metazoa	Chordata	Craniata	Actinopterygii	Actinopteri	Neopterygii	Teleostei	Anguilliformes	Anguilliformes	Anguilliformes	Anguilliformes	Anguillidae	Anguillidae	Anguillidae	Anguillidae	Anguilla	Anguilla	Anguilla	unidentified Anguilla
otu_029	Eukaryota	Metazoa	Chordata	Craniata	Actinopterygii	Actinopteri	Neopterygii	Teleostei	Otomorpha	Ostariophysi	Cypriniphysae	Cypriniformes	Cobitoidei	Ellopostomatidae	Ellopostomatidae	Ellopostomatidae	Ellopostoma	Ellopostoma	Ellopostoma	Ellopostoma mystax
otu_030	Eukaryota	Metazoa	Chordata	Craniata	Actinopterygii	Actinopteri	Neopterygii	Teleostei	Otomorpha	Clupei	Clupeiformes	Clupeiformes	Clupeoidei	Engraulidae	Engraulidae	Engraulidae	Engraulinae	Stolephorus	Stolephorus	Stolephorus commersonnii
otu_031	Eukaryota	Metazoa	Chordata	Craniata	Actinopterygii	Actinopteri	Neopterygii	Teleostei	Euteleosteomorpha	Carangiformes	Carangiformes	Carangiformes	Echeneidae	Echeneidae	Echeneidae	Echeneidae	Echeneis	Echeneis	Echeneis	unidentified Echeneis
otu_032	Eukaryota	Metazoa	Chordata	Craniata	Actinopterygii	Actinopteri	Neopterygii	Teleostei	Euteleosteomorpha	Tetraodontiformes	Tetraodontiformes	Tetraodontiformes	Moloidei	Molidae	Molidae	Molidae	Masturus	Masturus	Masturus	Masturus lanceolatus
otu_033	Eukaryota	Metazoa	Chordata	Craniata	Actinopterygii	Actinopteri	Neopterygii	Teleostei	Euteleosteomorpha	Atherinomorphae	Atherinomorphae	Cyprinodontiformes	Aplocheiloidei	Nothobranchiidae	Nothobranchiidae	Nothobranchiidae	Aphyosemion	Aphyosemion	Aphyosemion	Aphyosemion kouamense
otu_034	Eukaryota	Metazoa	Chordata	Craniata	Actinopterygii	Actinopteri	Neopterygii	Teleostei	Euteleosteomorpha	Cichlomorphae	Cichlomorphae	Cichliformes	Cichlidae	Cichlidae	Cichlidae	Cichlidae	Etroplinae	Paratilapia	Paratilapia	Paratilapia polleni
otu_035	Eukaryota	Metazoa	Chordata	Craniata	Actinopterygii	Actinopteri	Neopterygii	Teleostei	Otomorpha	Ostariophysi	Characiphysae	Siluriformes	Siluroidei	Bagridae	Bagridae	Bagridae	Mystus	Mystus	Mystus	Mystus vittatus
otu_036	Eukaryota	Metazoa	Chordata	Craniata	Actinopterygii	Actinopteri	Neopterygii	Teleostei	Euteleosteomorpha	Perciformes	Perciformes	Perciformes	Notothenioidei	Nototheniidae	Nototheniidae	Nototheniidae	Pagothenia	Pagothenia	Pagothenia	Pagothenia borchgrevinki
otu_037	Eukaryota	Metazoa	Chordata	Craniata	Actinopterygii	Actinopteri	Neopterygii	Teleostei	Euteleosteomorpha	Osmeriformes	Osmeriformes	Osmeriformes	Retropinnidae	Retropinnidae	Retropinnidae	Retropinnidae	Retropinna	Retropinna	Retropinna	Retropinna retropinna
otu_038	Eukaryota	Metazoa	Chordata	Craniata	Actinopterygii	Actinopteri	Neopterygii	Teleostei	Otomorpha	Ostariophysi	Characiphysae	Characiformes	Characoidei	Chilodontidae	Chilodontidae	Chilodontidae	Chilodus	Chilodus	Chilodus	Chilodus punctatus
otu_039	Eukaryota	Metazoa	Chordata	Craniata	Actinopterygii	Actinopteri	Neopterygii	Teleostei	Euteleosteomorpha	Sciaenidae	Sciaenidae	Sciaenidae	Sciaenidae	Sciaenidae	Sciaenidae	Sciaenidae	Johnius	Johnius	Johnius	Johnius belangerii
otu_040	Eukaryota	Metazoa	Chordata	Craniata	Actinopterygii	Actinopteri	Neopterygii	Teleostei	Euteleosteomorpha	Labriformes	Labriformes	Labriformes	Labridae	Labridae	Labridae	Labridae	Halichoeres	Halichoeres	Halichoeres	Halichoeres tenuispinis
otu_041	Eukaryota	Metazoa	Chordata	Craniata	Actinopterygii	Actinopteri	Neopterygii	Teleostei	Euteleosteomorpha	Aulopiformes	Aulopiformes	Aulopiformes	Aulopoidei	Synodontidae	Synodontidae	Synodontidae	Harpadontinae	Harpadon	Harpadon	Harpadon microchir
otu_042	Eukaryota	Metazoa	Chordata	Craniata	Actinopterygii	Actinopteri	Neopterygii	Teleostei	Euteleosteomorpha	Syngnathiformes	Syngnathiformes	Syngnathiformes	Dactylopteroidei	Dactylopteridae	Dactylopteridae	Dactylopteridae	Dactyloptena	Dactyloptena	Dactyloptena	unidentified Dactyloptena
otu_043	Eukaryota	Metazoa	Chordata	Craniata	Actinopterygii	Actinopteri	Neopterygii	Teleostei	Euteleosteomorpha	Synbranchiformes	Synbranchiformes	Synbranchiformes	Indostomoidei	Indostomidae	Indostomidae	Indostomidae	Indostomus	Indostomus	Indostomus	Indostomus paradoxus
otu_044	Eukaryota	Metazoa	Chordata	Craniata	Actinopterygii	Actinopteri	Neopterygii	Teleostei	Euteleosteomorpha	Scombriformes	Scombriformes	Scombriformes	Stromateidae	Stromateidae	Stromateidae	Stromateidae	Pampus	Pampus	Pampus	unidentified Pampus
otu_045	Eukaryota	Metazoa	Chordata	Craniata	Actinopterygii	Actinopteri	Neopterygii	Teleostei	Euteleosteomorpha	Pleuronectiformes	Pleuronectiformes	Pleuronectiformes	Pleuronectoidei	Cynoglossidae	Cynoglossidae	Cynoglossidae	Cynoglossinae	Cynoglossus	Cynoglossus	Cynoglossus abbreviatus
otu_046	Eukaryota	Metazoa	Chordata	Craniata	Actinopterygii	Actinopteri	Neopterygii	Teleostei	Euteleosteomorpha	Centrarchiformes	Centrarchiformes	Centrarchiformes	Terapontoidei	Terapontoidei	Terapontoidei	Kyphosidae	Kyphosinae	Kyphosus	Kyphosus	unidentified Kyphosus
otu_047	Eukaryota	Metazoa	Chordata	Craniata	Actinopterygii	Actinopteri	Neopterygii	Teleostei	Euteleosteomorpha	Pleuronectiformes	Pleuronectiformes	Pleuronectiformes	Pleuronectoidei	Paralichthyidae	Paralichthyidae	Paralichthyidae	Pseudorhombus	Pseudorhombus	Pseudorhombus	unidentified Pseudorhombus
otu_048	Eukaryota	Metazoa	Chordata	Craniata	Actinopterygii	Actinopteri	Neopterygii	Teleostei	Euteleosteomorpha	Tetraodontiformes	Tetraodontiformes	Tetraodontiformes	Tetraodontoidei	Tetradontoidea	Tetradontoidea	Tetraodontidae	Auriglobus	Auriglobus	Auriglobus	Auriglobus modestus
otu_049	Eukaryota	Metazoa	Chordata	Craniata	Actinopterygii	Actinopteri	Neopterygii	Teleostei	Euteleosteomorpha	Anabantiformes	Anabantiformes	Anabantiformes	Anabantoidei	Osphronemidae	Osphronemidae	Osphronemidae	Macropodinae	Macropodus	Macropodus	unidentified Macropodus
otu_050	Eukaryota	Metazoa	Chordata	Craniata	Actinopterygii	Actinopteri	Neopterygii	Teleostei	Euteleosteomorpha	Syngnathiformes	Syngnathiformes	Syngnathiformes	Callionymoidei	Callionymidae	Callionymidae	Callionymidae	Callionymus	Callionymus	Callionymus	Callionymus olidus
otu_051	Eukaryota	Metazoa	Chordata	Craniata	Actinopterygii	Actinopteri	Neopterygii	Teleostei	Otomorpha	Ostariophysi	Cypriniphysae	Cypriniformes	Cobitoidei	Nemacheilidae	Nemacheilidae	Nemacheilidae	Tuberoschistura	Tuberoschistura	Tuberoschistura	Tuberoschistura baenzigeri
otu_052	Eukaryota	Metazoa	Chordata	Craniata	Actinopterygii	Actinopteri	Neopterygii	Teleostei	Anguilliformes	Anguilliformes	Anguilliformes	Anguilliformes	Muraenidae	Muraenidae	Muraenidae	Muraenidae	Uropterygiinae	Anarchias	Anarchias	Anarchias seychellensis
otu_053	Eukaryota	Metazoa	Chordata	Craniata	Actinopterygii	Actinopteri	Neopterygii	Teleostei	Euteleosteomorpha	Gobiiformes	Gobiiformes	Gobiiformes	Eleotroidei	Eleotridae	Eleotridae	Eleotridae	Eleotrinae	Eleotris	Eleotris	unidentified Eleotris
otu_054	Eukaryota	Metazoa	Chordata	Craniata	Sarcopterygii	Coelacanthimorpha	Coelacanthiformes	Coelacanthiformes	Coelacanthiformes	Coelacanthiformes	Coelacanthiformes	Coelacanthiformes	Coelacanthidae	Coelacanthidae	Coelacanthidae	Coelacanthidae	Latimeria	Latimeria	Latimeria	Latimeria chalumnae
otu_055	Eukaryota	Metazoa	Chordata	Craniata	Actinopterygii	Actinopteri	Neopterygii	Teleostei	Otomorpha	Clupei	Clupeiformes	Clupeiformes	Clupeoidei	Clupeidae	Clupeidae	Clupeidae	Spratelloidinae	Jenkinsia	Jenkinsia	Jenkinsia lamprotaenia
otu_056	Eukaryota	Metazoa	Chordata	Craniata	Actinopterygii	Actinopteri	Neopterygii	Teleostei	Euteleosteomorpha	Syngnathiformes	Syngnathiformes	Syngnathiformes	Aulostomidae	Aulostomidae	Aulostomidae	Aulostomidae	Aulostomus	Aulostomus	Aulostomus	Aulostomus chinensis
otu_057	Eukaryota	Metazoa	Chordata	Craniata	Actinopterygii	Actinopteri	Neopterygii	Teleostei	Euteleosteomorpha	Perciformes	Perciformes	Perciformes	Percoidei	Percidae	Percidae	Percidae	Percinae	Perca	Perca	Perca flavescens
otu_058	Eukaryota	Metazoa	Chordata	Craniata	Actinopterygii	Actinopteri	Neopterygii	Teleostei	Euteleosteomorpha	Atherinomorphae	Atherinomorphae	Atheriniformes	Atherinidae	Atherinidae	Atherinidae	Atherinidae	Atherininae	Atherinomorus	Atherinomorus	Atherinomorus lacunosus
otu_059	Eukaryota	Metazoa	Chordata	Craniata	Actinopterygii	Actinopteri	Neopterygii	Teleostei	Otomorpha	Ostariophysi	Characiphysae	Siluriformes	Siluroidei	Doradidae	Doradidae	Doradidae	Amblydoras	Amblydoras	Amblydoras	Amblydoras gonzalezi
otu_060	Eukaryota	Metazoa	Chordata	Craniata	Actinopterygii	Actinopteri	Neopterygii	Teleostei	Euteleosteomorpha	Esociformes	Esociformes	Esociformes	Esocidae	Esocidae	Esocidae	Esocidae	Esox	Esox	Esox	Esox lucius
otu_061	Eukaryota	Metazoa	Chordata	Craniata	Actinopterygii	Actinopteri	Neopterygii	Teleostei	Otomorpha	Ostariophysi	Cypriniphysae	Cypriniformes	Cyprinoidei	Cyprinidae	Cyprinidae	Cyprinidae	Smiliogastrinae	Puntigrus	Puntigrus	Puntigrus partipentazona
otu_062	Eukaryota	Metazoa	Chordata	Craniata	Actinopterygii	Actinopteri	Neopterygii	Teleostei	Euteleosteomorpha	Perciformes	Perciformes	Perciformes	Cottioidei	Cottales	Cottidae	Cottidae	Trachidermus	Trachidermus	Trachidermus	Trachidermus fasciatus
otu_063	Eukaryota	Metazoa	Chordata	Craniata	Actinopterygii	Actinopteri	Neopterygii	Teleostei	Euteleosteomorpha	Centrarchiformes	Centrarchiformes	Centrarchiformes	Centrarchoidei	Centrarchoidei	Centrarchoidei	Elassomatidae	Elassoma	Elassoma	Elassoma	Elassoma evergladei
otu_064	Eukaryota	Metazoa	Chordata	Craniata	Actinopterygii	Actinopteri	Neopterygii	Teleostei	Euteleosteomorpha	Atherinomorphae	Atherinomorphae	Beloniformes	Belonoidei	Belonidae	Belonidae	Belonidae	Ablennes	Ablennes	Ablennes	Ablennes hians
otu_065	Eukaryota	Metazoa	Chordata	Craniata	Actinopterygii	Actinopteri	Neopterygii	Teleostei	Euteleosteomorpha	Centrarchiformes	Centrarchiformes	Centrarchiformes	Terapontoidei	Terapontoidei	Terapontoidei	Kyphosidae	Microcanthinae	Microcanthus	Microcanthus	Microcanthus strigatus
otu_066	Eukaryota	Metazoa	Chordata	Craniata	Actinopterygii	Actinopteri	Neopterygii	Teleostei	Euteleosteomorpha	Polymixiiformes	Polymixiiformes	Polymixiiformes	Polymixiidae	Polymixiidae	Polymixiidae	Polymixiidae	Polymixia	Polymixia	Polymixia	Polymixia japonica
otu_067	Eukaryota	Metazoa	Chordata	Craniata	Actinopterygii	Actinopteri	Neopterygii	Teleostei	Euteleosteomorpha	Centrarchiformes	Centrarchiformes	Centrarchiformes	Terapontoidei	Terapontoidei	Terapontoidei	Kyphosidae	Girellinae	Girella	Girella	Girella punctata
otu_068	Eukaryota	Metazoa	Chordata	Craniata	Actinopterygii	Actinopteri	Neopterygii	Teleostei	Euteleosteomorpha	Ophidiiformes	Ophidiiformes	Ophidiiformes	Bythitoidei	Bythitidae	Bythitidae	Bythitidae	Bythitinae	Diplacanthopoma	Diplacanthopoma	Diplacanthopoma brachysoma
otu_069	Eukaryota	Metazoa	Chordata	Craniata	Actinopterygii	Actinopteri	Neopterygii	Teleostei	Euteleosteomorpha	Atherinomorphae	Atherinomorphae	Cyprinodontiformes	Aplocheiloidei	Nothobranchiidae	Nothobranchiidae	Nothobranchiidae	Epiplatys	Epiplatys	Epiplatys	Epiplatys grahami
otu_070	Eukaryota	Metazoa	Chordata	Craniata	Actinopterygii	Actinopteri	Neopterygii	Teleostei	Otomorpha	Ostariophysi	Characiphysae	Siluriformes	Siluroidei	Ariidae	Ariidae	Ariidae	unidentified Ariidae	unidentified Ariidae	unidentified Ariidae	unidentified Ariidae
otu_071	Eukaryota	Metazoa	Chordata	Craniata	Actinopterygii	Actinopteri	Neopterygii	Teleostei	Otomorpha	Ostariophysi	Cypriniphysae	Cypriniformes	Cyprinoidei	Xenocyprididae	Xenocyprididae	Xenocyprididae	Xenocypridinae	Macrochirichthys	Macrochirichthys	Macrochirichthys macrochirus
otu_072	Eukaryota	Metazoa	Chordata	Craniata	Actinopterygii	Actinopteri	Neopterygii	Teleostei	Euteleosteomorpha	Atherinomorphae	Atherinomorphae	Cyprinodontiformes	Aplocheiloidei	Nothobranchiidae	Nothobranchiidae	Nothobranchiidae	Nothobranchius	Nothobranchius	Nothobranchius	Nothobranchius vosseleri
otu_073	Eukaryota	Metazoa	Chordata	Craniata	Actinopterygii	Actinopteri	Neopterygii	Teleostei	Euteleosteomorpha	Syngnathiformes	Syngnathiformes	Syngnathiformes	Callionymoidei	Callionymidae	Callionymidae	Callionymidae	Synchiropus	Synchiropus	Synchiropus	Synchiropus splendidus
otu_074	Eukaryota	Metazoa	Chordata	Craniata	Actinopterygii	Actinopteri	Neopterygii	Teleostei	Euteleosteomorpha	Embiotocidae	Embiotocidae	Embiotocidae	Embiotocidae	Embiotocidae	Embiotocidae	Embiotocidae	Embiotoca	Embiotoca	Embiotoca	Embiotoca jacksoni
otu_075	Eukaryota	Metazoa	Chordata	Craniata	Actinopterygii	Actinopteri	Neopterygii	Teleostei	Euteleosteomorpha	Pseudochromidae	Pseudochromidae	Pseudochromidae	Pseudochromidae	Pseudochromidae	Pseudochromidae	Pseudochromidae	Pseudochrominae	Pictichromis	Pictichromis	Pictichromis paccagnellae
otu_076	Eukaryota	Metazoa	Chordata	Craniata	Actinopterygii	Actinopteri	Neopterygii	Teleostei	Euteleosteomorpha	Atherinomorphae	Atherinomorphae	Cyprinodontiformes	Aplocheiloidei	Nothobranchiidae	Nothobranchiidae	Nothobranchiidae	Scriptaphyosemion	Scriptaphyosemion	Scriptaphyosemion	Scriptaphyosemion bertholdi
otu_077	Eukaryota	Metazoa	Chordata	Craniata	Actinopterygii	Actinopteri	Neopterygii	Teleostei	Euteleosteomorpha	Galaxiiformes	Galaxiiformes	Galaxiiformes	Galaxiidae	Galaxiidae	Galaxiidae	Galaxiidae	Galaxiinae	Galaxiini	Galaxias	Galaxias gollumoides
otu_078	Eukaryota	Metazoa	Chordata	Craniata	Actinopterygii	Actinopteri	Neopterygii	Teleostei	Otomorpha	Clupei	Clupeiformes	Clupeiformes	Clupeoidei	Engraulidae	Engraulidae	Engraulidae	Engraulinae	Stolephorus	Stolephorus	Stolephorus insularis
otu_079	Eukaryota	Metazoa	Chordata	Craniata	Actinopterygii	Actinopteri	Neopterygii	Teleostei	Euteleosteomorpha	Pleuronectiformes	Pleuronectiformes	Pleuronectiformes	Pleuronectoidei	Bothidae	Bothidae	Bothidae	Bothus	Bothus	Bothus	Bothus pantherinus
otu_080	Eukaryota	Metazoa	Chordata	Craniata	Actinopterygii	Actinopteri	Neopterygii	Teleostei	Euteleosteomorpha	Perciformes	Perciformes	Perciformes	Cottioidei	Gasterosteales	Aulorhynchidae	Aulorhynchidae	Aulorhynchus	Aulorhynchus	Aulorhynchus	Aulorhynchus flavidus
otu_081	Eukaryota	Metazoa	Chordata	Craniata	Actinopterygii	Actinopteri	Neopterygii	Teleostei	Euteleosteomorpha	Scombriformes	Scombriformes	Scombriformes	Trichiuridae	Trichiuridae	Trichiuridae	Trichiuridae	Lepidopodinae	unidentified Lepidopodinae	unidentified Lepidopodinae	unidentified Lepidopodinae
otu_082	Eukaryota	Metazoa	Chordata	Craniata	Actinopterygii	Actinopteri	Neopterygii	Teleostei	Euteleosteomorpha	Blenniiformes	Blenniiformes	Blenniiformes	Gobiesocoidei	Gobiesocidae	Gobiesocidae	Gobiesocidae	Gobiesocinae	Arcos	Arcos	Arcos sp. KU 149
otu_083	Eukaryota	Metazoa	Chordata	Craniata	Actinopterygii	Actinopteri	Neopterygii	Teleostei	Euteleosteomorpha	Atherinomorphae	Atherinomorphae	Cyprinodontiformes	Aplocheiloidei	Rivulidae	Rivulidae	Rivulidae	Austrolebias	Austrolebias	Austrolebias	Austrolebias charrua
otu_084	Eukaryota	Metazoa	Chordata	Craniata	Actinopterygii	Actinopteri	Neopterygii	Teleostei	Euteleosteomorpha	Atherinomorphae	Atherinomorphae	Beloniformes	Adrianichthyoidei	Adrianichthyidae	Adrianichthyidae	Adrianichthyidae	Oryziinae	Oryzias	Oryzias	unidentified Oryzias
otu_085	Eukaryota	Metazoa	Chordata	Craniata	Actinopterygii	Actinopteri	Neopterygii	Teleostei	Otomorpha	Ostariophysi	Characiphysae	Characiformes	Citharinoidei	Citharinidae	Citharinidae	Citharinidae	Citharininae	Citharinus	Citharinus	Citharinus congicus
otu_086	Eukaryota	Metazoa	Chordata	Craniata	Actinopterygii	Actinopteri	Neopterygii	Teleostei	Osteoglossiformes	Osteoglossiformes	Osteoglossiformes	Osteoglossiformes	Osteoglossidae	Osteoglossidae	Osteoglossidae	Osteoglossidae	Arapaima	Arapaima	Arapaima	Arapaima gigas
otu_087	Eukaryota	Metazoa	Chordata	Craniata	Actinopterygii	Actinopteri	Neopterygii	Teleostei	Euteleosteomorpha	Syngnathiformes	Syngnathiformes	Syngnathiformes	Mulloidea	Mullidae	Mullidae	Mullidae	Parupeneus	Parupeneus	Parupeneus	Parupeneus chrysopleuron
otu_088	Eukaryota	Metazoa	Chordata	Craniata	Actinopterygii	Actinopteri	Neopterygii	Teleostei	Euteleosteomorpha	Perciformes	Perciformes	Perciformes	Serranoidei	Serranidae	Serranidae	Serranidae	Epinephelinae	Epinephelini	Variola	Variola albimarginata
otu_089	Eukaryota	Metazoa	Chordata	Craniata	Actinopterygii	Actinopteri	Neopterygii	Teleostei	Euteleosteomorpha	Pleuronectiformes	Pleuronectiformes	Pleuronectiformes	Pleuronectoidei	Soleidae	Soleidae	Soleidae	Zebrias	Zebrias	Zebrias	Zebrias quagga
otu_090	Eukaryota	Metazoa	Chordata	Craniata	Actinopterygii	Actinopteri	Neopterygii	Teleostei	Euteleosteomorpha	Gobiiformes	Gobiiformes	Gobiiformes	Gobioidei	Gobiidae	Gobiidae	Gobiidae	Gobiinae	Acentrogobius	Acentrogobius	Acentrogobius caninus
otu_091	Eukaryota	Metazoa	Chordata	Craniata	Actinopterygii	Actinopteri	Neopterygii	Teleostei	Euteleosteomorpha	Centrarchiformes	Centrarchiformes	Centrarchiformes	Centrarchoidei	Centrarchoidei	Centrarchoidei	Centrarchidae	Micropterus	Micropterus	Micropterus	Micropterus dolomieu
otu_092	Eukaryota	Metazoa	Chordata	Craniata	Actinopterygii	Actinopteri	Neopterygii	Teleostei	Euteleosteomorpha	Ambassidae	Ambassidae	Ambassidae	Ambassidae	Ambassidae	Ambassidae	Ambassidae	Ambassis	Ambassis	Ambassis	unidentified Ambassis
otu_093	Eukaryota	Metazoa	Chordata	Craniata	Actinopterygii	Actinopteri	Neopterygii	Teleostei	Euteleosteomorpha	Atherinomorphae	Atherinomorphae	Beloniformes	Belonoidei	Zenarchopteridae	Zenarchopteridae	Zenarchopteridae	Dermogenys	Dermogenys	Dermogenys	Dermogenys pusilla
otu_094	Eukaryota	Metazoa	Chordata	Craniata	Actinopterygii	Actinopteri	Neopterygii	Teleostei	Euteleosteomorpha	Pleuronectiformes	Pleuronectiformes	Pleuronectiformes	Pleuronectoidei	Bothidae	Bothidae	Bothidae	Psettina	Psettina	Psettina	Psettina iijimae
otu_095	Eukaryota	Metazoa	Chordata	Craniata	Actinopterygii	Actinopteri	Neopterygii	Teleostei	Euteleosteomorpha	Labriformes	Labriformes	Labriformes	Labridae	Labridae	Labridae	Labridae	Bodianus	Bodianus	Bodianus	Bodianus oxycephalus
otu_096	Eukaryota	Metazoa	Chordata	Craniata	Actinopterygii	Actinopteri	Neopterygii	Teleostei	Euteleosteomorpha	Salmoniformes	Salmoniformes	Salmoniformes	Salmonidae	Salmonidae	Salmonidae	Salmonidae	Salmoninae	Brachymystax	Brachymystax	Brachymystax tumensis
otu_097	Eukaryota	Metazoa	Chordata	Craniata	Actinopterygii	Actinopteri	Neopterygii	Teleostei	Otomorpha	Ostariophysi	Cypriniphysae	Cypriniformes	Cyprinoidei	Cyprinidae	Cyprinidae	Cyprinidae	Smiliogastrinae	Pethia	Pethia	unidentified Pethia
otu_098	Eukaryota	Metazoa	Chordata	Craniata	Actinopterygii	Actinopteri	Neopterygii	Teleostei	Euteleosteomorpha	Atherinomorphae	Atherinomorphae	Cyprinodontiformes	Cyprinodontoidei	Cyprinodontidae	Cyprinodontidae	Cyprinodontidae	Cyprinodontinae	Orestiniini	Orestias	Orestias ascotanensis
otu_099	Eukaryota	Metazoa	Chordata	Craniata	Actinopterygii	Actinopteri	Neopterygii	Teleostei	Euteleosteomorpha	Gadiformes	Gadiformes	Gadiformes	Macrouroidei	Macrouridae	Macrouridae	Macrouridae	Macrouroidinae	Squalogadus	Squalogadus	Squalogadus modificatus
otu_100	Eukaryota	Metazoa	Chordata	Craniata	Actinopterygii	Actinopteri	Neopterygii	Teleostei	Otomorpha	Clupei	Clupeiformes	Clupeiformes	Clupeoidei	Clupeidae	Clupeidae	Clupeidae	Clupeinae	Sardinella	Sardinella	Sardinella longiceps
otu_101	Eukaryota	Metazoa	Chordata	Craniata	Actinopterygii	Actinopteri	Neopterygii	Teleostei	Otomorpha	Ostariophysi	Characiphysae	Siluriformes	Siluroidei	Aspredinidae	Aspredinidae	Aspredinidae	Bunocephalus	Bunocephalus	Bunocephalus	Bunocephalus coracoideus
otu_102	Eukaryota	Metazoa	Chordata	Craniata	Actinopterygii	Actinopteri	Neopterygii	Teleostei	Otomorpha	Ostariophysi	Characiphysae	Characiformes	Characoidei	Hepsetidae	Hepsetidae	Hepsetidae	Hepsetus	Hepsetus	Hepsetus	Hepsetus odoe
otu_103	Eukaryota	Metazoa	Chordata	Craniata	Actinopterygii	Actinopteri	Neopterygii	Teleostei	Anguilliformes	Anguilliformes	Anguilliformes	Anguilliformes	Muraenesocidae	Muraenesocidae	Muraenesocidae	Muraenesocidae	Cynoponticus	Cynoponticus	Cynoponticus	Cynoponticus ferox
otu_104	Eukaryota	Metazoa	Chordata	Craniata	Actinopterygii	Actinopteri	Neopterygii	Teleostei	Euteleosteomorpha	Atherinomorphae	Atherinomorphae	Beloniformes	Belonoidei	Hemiramphidae	Hemiramphidae	Hemiramphidae	Hyporhamphus	Hyporhamphus	Hyporhamphus	Hyporhamphus intermedius
otu_105	Eukaryota	Metazoa	Chordata	Craniata	Actinopterygii	Actinopteri	Neopterygii	Teleostei	Euteleosteomorpha	Scombriformes	Scombriformes	Scombriformes	Bramidae	Bramidae	Bramidae	Bramidae	Pteraclis	Pteraclis	Pteraclis	Pteraclis aesticola
otu_106	Eukaryota	Metazoa	Chordata	Craniata	Actinopterygii	Actinopteri	Neopterygii	Teleostei	Euteleosteomorpha	Synbranchiformes	Synbranchiformes	Synbranchiformes	Mastacembeloidei	Mastacembelidae	Mastacembelidae	Mastacembelidae	Macrognathus	Macrognathus	Macrognathus	Macrognathus pancalus
otu_107	Eukaryota	Metazoa	Chordata	Craniata	Actinopterygii	Actinopteri	Neopterygii	Teleostei	Otomorpha	Ostariophysi	Characiphysae	Characiformes	Characoidei	Bryconidae	Bryconidae	Bryconidae	Bryconinae	Brycon	Brycon	Brycon orbignyanus
otu_108	Eukaryota	Metazoa	Chordata	Craniata	Actinopterygii	Actinopteri	Neopterygii	Teleostei	Euteleosteomorpha	Atherinomorphae	Atherinomorphae	Cyprinodontiformes	Cyprinodontoidei	Fundulidae	Fundulidae	Fundulidae	Fundulus	Fundulus	Fundulus	Fundulus diaphanus
otu_109	Eukaryota	Metazoa	Chordata	Craniata	Actinopterygii	Actinopteri	Neopterygii	Teleostei	Euteleosteomorpha	Pleuronectiformes	Pleuronectiformes	Pleuronectiformes	Pleuronectoidei	Soleidae	Soleidae	Soleidae	Brachirus	Brachirus	Brachirus	Brachirus orientalis
otu_110	Eukaryota	Metazoa	Chordata	Craniata	Actinopterygii	Actinopteri	Neopterygii	Teleostei	Euteleosteomorpha	Syngnathiformes	Syngnathiformes	Syngnathiformes	Syngnathoidei	Pegasidae	Pegasidae	Pegasidae	Eurypegasus	Eurypegasus	Eurypegasus	Eurypegasus draconis
otu_111	Eukaryota	Metazoa	Chordata	Craniata	Actinopterygii	Actinopteri	Neopterygii	Teleostei	Euteleosteomorpha	Gobiiformes	Gobiiformes	Gobiiformes	Gobioidei	Odontobutidae	Odontobutidae	Odontobutidae	Sineleotris	Sineleotris	Sineleotris	Sineleotris chalmersi
otu_112	Eukaryota	Metazoa	Chordata	Craniata	Actinopterygii	Actinopteri	Neopterygii	Teleostei	Otomorpha	Ostariophysi	Cypriniphysae	Cypriniformes	Cyprinoidei	Cyprinidae	Cyprinidae	Cyprinidae	Smiliogastrinae	Enteromius	Enteromius	Enteromius pobeguini
otu_113	Eukaryota	Metazoa	Chordata	Craniata	Actinopterygii	Actinopteri	Neopterygii	Teleostei	Euteleosteomorpha	Labriformes	Labriformes	Labriformes	Labridae	Labridae	Labridae	Labridae	Calotomus	Calotomus	Calotomus	Calotomus japonicus
otu_114	Eukaryota	Metazoa	Chordata	Craniata	Actinopterygii	Actinopteri	Neopterygii	Teleostei	Euteleosteomorpha	Labriformes	Labriformes	Labriformes	Labridae	Labridae	Labridae	Labridae	Chlorurus	Chlorurus	Chlorurus	Chlorurus sordidus
otu_115	Eukaryota	Metazoa	Chordata	Craniata	Actinopterygii	Actinopteri	Neopterygii	Teleostei	Anguilliformes	Anguilliformes	Anguilliformes	Anguilliformes	Congridae	Congridae	Congridae	Congridae	Heterocongrinae	unidentified Heterocongrinae	unidentified Heterocongrinae	unidentified Heterocongrinae
otu_116	Eukaryota	Metazoa	Chordata	Craniata	Actinopterygii	Actinopteri	Neopterygii	Teleostei	Otomorpha	Ostariophysi	Cypriniphysae	Cypriniformes	Cyprinoidei	Danionidae	Danionidae	Danionidae	Rasborinae	Horadandia	Horadandia	Horadandia atukorali
otu_117	Eukaryota	Metazoa	Chordata	Craniata	Actinopterygii	Actinopteri	Neopterygii	Teleostei	Euteleosteomorpha	Gobiiformes	Gobiiformes	Gobiiformes	Gobioidei	Odontobutidae	Odontobutidae	Odontobutidae	Perccottus	Perccottus	Perccottus	Perccottus glenii
otu_118	Eukaryota	Metazoa	Chordata	Craniata	Actinopterygii	Actinopteri	Neopterygii	Teleostei	Euteleosteomorpha	Atherinomorphae	Atherinomorphae	Cyprinodontiformes	Aplocheiloidei	Rivulidae	Rivulidae	Rivulidae	Kryptolebias	Kryptolebias	Kryptolebias	Kryptolebias hermaphroditus
otu_119	Eukaryota	Metazoa	Chordata	Craniata	Actinopterygii	Actinopteri	Neopterygii	Teleostei	Euteleosteomorpha	Spariformes	Spariformes	Spariformes	Nemipteridae	Nemipteridae	Nemipteridae	Nemipteridae	Scolopsis	Scolopsis	Scolopsis	Scolopsis vosmeri
otu_120	Eukaryota	Metazoa	Chordata	Craniata	Actinopterygii	Actinopteri	Neopterygii	Teleostei	Euteleosteomorpha	Lobotiformes	Lobotiformes	Lobotiformes	Hapalogenyidae	Hapalogenyidae	Hapalogenyidae	Hapalogenyidae	Hapalogenys	Hapalogenys	Hapalogenys	Hapalogenys nigripinnis
otu_121	Eukaryota	Metazoa	Chordata	Craniata	Actinopterygii	Actinopteri	Neopterygii	Teleostei	Otomorpha	Ostariophysi	Characiphysae	Siluriformes	Siluroidei	Auchenipteridae	Auchenipteridae	Auchenipteridae	Centromochlinae	Duringlanis	Duringlanis	Duringlanis perugiae
otu_122	Eukaryota	Metazoa	Chordata	Craniata	Actinopterygii	Actinopteri	Neopterygii	Teleostei	Euteleosteomorpha	Tetraodontiformes	Tetraodontiformes	Tetraodontiformes	Triacanthodoidei	Triacanthodoidei	Triacanthodoidei	Triacanthodidae	Macrorhamphosodes	Macrorhamphosodes	Macrorhamphosodes	Macrorhamphosodes uradoi
otu_123	Eukaryota	Metazoa	Chordata	Craniata	Actinopterygii	Actinopteri	Neopterygii	Teleostei	Euteleosteomorpha	Lophiiformes	Lophiiformes	Lophiiformes	Lophioidei	Lophiidae	Lophiidae	Lophiidae	Sladenia	Sladenia	Sladenia	Sladenia gardineri
otu_124	Eukaryota	Metazoa	Chordata	Craniata	Actinopterygii	Actinopteri	Neopterygii	Teleostei	Euteleosteomorpha	Labriformes	Labriformes	Labriformes	Labridae	Labridae	Labridae	Labridae	Choerodon	Choerodon	Choerodon	Choerodon schoenleinii
otu_125	Eukaryota	Metazoa	Chordata	Craniata	Actinopterygii	Actinopteri	Neopterygii	Teleostei	Euteleosteomorpha	Percopsiformes	Percopsiformes	Percopsiformes	Percopsoidei	Percopsidae	Percopsidae	Percopsidae	Percopsis	Percopsis	Percopsis	Percopsis transmontana
otu_126	Eukaryota	Metazoa	Chordata	Craniata	Actinopterygii	Actinopteri	Neopterygii	Teleostei	Euteleosteomorpha	Carangiformes	Carangiformes	Carangiformes	Carangidae	Carangidae	Carangidae	Carangidae	Selar	Selar	Selar	Selar crumenophthalmus
otu_127	Eukaryota	Metazoa	Chordata	Craniata	Actinopterygii	Actinopteri	Neopterygii	Teleostei	Euteleosteomorpha	Perciformes	Perciformes	Perciformes	Notothenioidei	Channichthyidae	Channichthyidae	Channichthyidae	Champsocephalus	Champsocephalus	Champsocephalus	Champsocephalus gunnari
otu_128	Eukaryota	Metazoa	Chordata	Craniata	Actinopterygii	Actinopteri	Neopterygii	Teleostei	Euteleosteomorpha	Trachichthyiformes	Trachichthyiformes	Trachichthyiformes	Diretmidae	Diretmidae	Diretmidae	Diretmidae	Diretmoides	Diretmoides	Diretmoides	Diretmoides veriginae
otu_129	Eukaryota	Metazoa	Chordata	Craniata	Actinopterygii	Actinopteri	Neopterygii	Teleostei	Otomorpha	Ostariophysi	Gonorynchiformes	Gonorynchiformes	Knerioidei	Kneriidae	Kneriidae	Kneriidae	Cromerinae	Grasseichthys	Grasseichthys	Grasseichthys gabonensis
otu_130	Eukaryota	Metazoa	Chordata	Craniata	Actinopterygii	Actinopteri	Neopterygii	Teleostei	Otomorpha	Ostariophysi	Cypriniphysae	Cypriniformes	Cobitoidei	Nemacheilidae	Nemacheilidae	Nemacheilidae	Triplophysa	Triplophysa	Triplophysa	Triplophysa yarkandensis
otu_131	Eukaryota	Metazoa	Chordata	Craniata	Actinopterygii	Actinopteri	Neopterygii	Teleostei	Hiodontiformes	Hiodontiformes	Hiodontiformes	Hiodontiformes	Hiodontidae	Hiodontidae	Hiodontidae	Hiodontidae	Hiodon	Hiodon	Hiodon	Hiodon alosoides
otu_132	Eukaryota	Metazoa	Chordata	Craniata	Actinopterygii	Actinopteri	Neopterygii	Teleostei	Euteleosteomorpha	Cichlomorphae	Cichlomorphae	Cichliformes	Cichlidae	Cichlidae	Cichlidae	Cichlidae	Cichlasomatinae	Cichlasomatini	Bujurquina	Bujurquina mariae
otu_133	Eukaryota	Metazoa	Chordata	Craniata	Actinopterygii	Actinopteri	Neopterygii	Teleostei	Otomorpha	Ostariophysi	Cypriniphysae	Cypriniformes	Cyprinoidei	Cyprinidae	Cyprinidae	Cyprinidae	Chagunius	Chagunius	Chagunius	Chagunius chagunio
otu_134	Eukaryota	Metazoa	Chordata	Craniata	Actinopterygii	Actinopteri	Neopterygii	Teleostei	Euteleosteomorpha	Labriformes	Labriformes	Labriformes	Labridae	Labridae	Labridae	Labridae	Cheilinus	Cheilinus	Cheilinus	Cheilinus fasciatus
otu_135	Eukaryota	Metazoa	Chordata	Craniata	Actinopterygii	Actinopteri	Neopterygii	Teleostei	Euteleosteomorpha	Pleuronectiformes	Pleuronectiformes	Pleuronectiformes	Pleuronectoidei	Bothidae	Bothidae	Bothidae	Laeops	Laeops	Laeops	unidentified Laeops
otu_136	Eukaryota	Metazoa	Chordata	Craniata	Actinopterygii	Actinopteri	Neopterygii	Teleostei	Euteleosteomorpha	Centrarchiformes	Centrarchiformes	Centrarchiformes	Centrarchoidei	Centrarchoidei	Centrarchoidei	Centrarchidae	Lepomis	Lepomis	Lepomis	Lepomis gulosus
otu_137	Eukaryota	Metazoa	Chordata	Craniata	Actinopterygii	Actinopteri	Neopterygii	Teleostei	Otomorpha	Clupei	Clupeiformes	Clupeiformes	Clupeoidei	Clupeidae	Clupeidae	Clupeidae	Alosinae	Alosa	Alosa	Alosa aestivalis
otu_138	Eukaryota	Metazoa	Chordata	Craniata	Actinopterygii	Actinopteri	Neopterygii	Teleostei	Anguilliformes	Anguilliformes	Anguilliformes	Anguilliformes	Colocongridae	Colocongridae	Colocongridae	Colocongridae	Coloconger	Coloconger	Coloconger	Coloconger cadenati
otu_139	Eukaryota	Metazoa	Chordata	Craniata	Actinopterygii	Actinopteri	Neopterygii	Teleostei	Euteleosteomorpha	Atherinomorphae	Atherinomorphae	Beloniformes	Adrianichthyoidei	Adrianichthyidae	Adrianichthyidae	Adrianichthyidae	Oryziinae	Oryzias	Oryzias	Oryzias javanicus
otu_140	Eukaryota	Metazoa	Chordata	Craniata	Actinopterygii	Actinopteri	Neopterygii	Teleostei	Euteleosteomorpha	Gobiiformes	Gobiiformes	Gobiiformes	Gobioidei	Gobiidae	Gobiidae	Gobiidae	Gobionellinae	Awaous	Awaous	unidentified Awaous
otu_141	Eukaryota	Metazoa	Chordata	Craniata	Actinopterygii	Actinopteri	Neopterygii	Teleostei	Otomorpha	Ostariophysi	Cypriniphysae	Cypriniformes	Cobitoidei	Cobitidae	Cobitidae	Cobitidae	Cobitinae	unidentified Cobitinae	unidentified Cobitinae	unidentified Cobitinae
otu_142	Eukaryota	Metazoa	Chordata	Craniata	Actinopterygii	Actinopteri	Neopterygii	Teleostei	Euteleosteomorpha	Plesiopidae	Plesiopidae	Plesiopidae	Plesiopidae	Plesiopidae	Plesiopidae	Plesiopidae	Plesiopinae	Trachinops	Trachinops	Trachinops taeniatus
otu_143	Eukaryota	Metazoa	Chordata	Craniata	Actinopterygii	Actinopteri	Neopterygii	Teleostei	Euteleosteomorpha	Kurtiformes	Kurtiformes	Kurtiformes	Apogonoidei	Apogonidae	Apogonidae	Apogonidae	Apogoninae	Pterapogon	Pterapogon	Pterapogon kauderni
otu_144	Eukaryota	Metazoa	Chordata	Craniata	Actinopterygii	Actinopteri	Neopterygii	Teleostei	Euteleosteomorpha	Tetraodontiformes	Tetraodontiformes	Tetraodontiformes	Balistoidea	Balistoidea	Balistoidea	Monacanthidae	Paraluteres	Paraluteres	Paraluteres	Paraluteres prionurus
otu_145	Eukaryota	Metazoa	Chordata	Craniata	Actinopterygii	Actinopteri	Neopterygii	Teleostei	Euteleosteomorpha	Lampriformes	Lampriformes	Lampriformes	Lampridae	Lampridae	Lampridae	Lampridae	Lampris	Lampris	Lampris	Lampris guttatus
otu_146	Eukaryota	Metazoa	Chordata	Craniata	Actinopterygii	Actinopteri	Neopterygii	Teleostei	Otomorpha	Ostariophysi	Cypriniphysae	Cypriniformes	Cobitoidei	Vaillantellidae	Vaillantellidae	Vaillantellidae	Vaillantella	Vaillantella	Vaillantella	Vaillantella maassi
otu_147	Eukaryota	Metazoa	Chordata	Craniata	Actinopterygii	Actinopteri	Neopterygii	Teleostei	Otomorpha	Clupei	Clupeiformes	Clupeiformes	Clupeoidei	Engraulidae	Engraulidae	Engraulidae	Coilinae	Lycothrissa	Lycothrissa	Lycothrissa crocodilus
otu_148	Eukaryota	Metazoa	Chordata	Craniata	Actinopterygii	Actinopteri	Neopterygii	Teleostei	Notacanthiformes	Notacanthiformes	Notacanthiformes	Notacanthiformes	Notacanthidae	Notacanthidae	Notacanthidae	Notacanthidae	Polyacanthonotus	Polyacanthonotus	Polyacanthonotus	Polyacanthonotus rissoanus
otu_149	Eukaryota	Metazoa	Chordata	Craniata	Actinopterygii	Actinopteri	Neopterygii	Teleostei	Euteleosteomorpha	Pleuronectiformes	Pleuronectiformes	Pleuronectiformes	Pleuronectoidei	Cynoglossidae	Cynoglossidae	Cynoglossidae	Symphurinae	Symphurus	Symphurus	Symphurus orientalis
otu_150	Eukaryota	Metazoa	Chordata	Craniata	Actinopterygii	Actinopteri	Neopterygii	Teleostei	Euteleosteomorpha	Pleuronectiformes	Pleuronectiformes	Pleuronectiformes	Pleuronectoidei	Samaridae	Samaridae	Samaridae	Samariscus	Samariscus	Samariscus	Samariscus latus
otu_151	Eukaryota	Metazoa	Chordata	Craniata	Actinopterygii	Actinopteri	Neopterygii	Teleostei	Otomorpha	Clupei	Clupeiformes	Clupeiformes	Clupeoidei	Clupeidae	Clupeidae	Clupeidae	Clupeinae	Harengula	Harengula	Harengula jaguana
otu_152	Eukaryota	Metazoa	Chordata	Craniata	Actinopterygii	Actinopteri	Neopterygii	Teleostei	Euteleosteomorpha	Chaetodontiformes	Chaetodontiformes	Chaetodontiformes	Leiognathidae	Leiognathidae	Leiognathidae	Leiognathidae	Gazza	Gazza	Gazza	Gazza minuta
otu_153	Eukaryota	Metazoa	Chordata	Craniata	Actinopterygii	Actinopteri	Neopterygii	Teleostei	Euteleosteomorpha	Pempheriformes	Pempheriformes	Pempheriformes	Bathyclupeidae	Bathyclupeidae	Bathyclupeidae	Bathyclupeidae	Bathyclupea	Bathyclupea	Bathyclupea	unidentified Bathyclupea
otu_154	Eukaryota	Metazoa	Chordata	Craniata	Actinopterygii	Actinopteri	Neopterygii	Teleostei	Otomorpha	Ostariophysi	Cypriniphysae	Cypriniformes	Cobitoidei	Nemacheilidae	Nemacheilidae	Nemacheilidae	Aborichthys	Aborichthys	Aborichthys	Aborichthys elongatus
otu_155	Eukaryota	Metazoa	Chordata	Craniata	Actinopterygii	Actinopteri	Neopterygii	Teleostei	Euteleosteomorpha	Gobiiformes	Gobiiformes	Gobiiformes	Gobioidei	Gobiidae	Gobiidae	Gobiidae	Gobionellinae	Tridentiger	Tridentiger	unidentified Tridentiger
otu_156	Eukaryota	Metazoa	Chordata	Craniata	Actinopterygii	Actinopteri	Neopterygii	Teleostei	Euteleosteomorpha	Gobiiformes	Gobiiformes	Gobiiformes	Gobioidei	Gobiidae	Gobiidae	Gobiidae	Gobiinae	Amoya	Amoya	Amoya chusanensis
otu_157	Eukaryota	Metazoa	Chordata	Craniata	Actinopterygii	Actinopteri	Neopterygii	Teleostei	Euteleosteomorpha	Lobotiformes	Lobotiformes	Lobotiformes	Lobotidae	Lobotidae	Lobotidae	Lobotidae	Lobotes	Lobotes	Lobotes	Lobotes surinamensis
otu_158	Eukaryota	Metazoa	Chordata	Craniata	Actinopterygii	Actinopteri	Neopterygii	Teleostei	Euteleosteomorpha	Scombriformes	Scombriformes	Scombriformes	Trichiuridae	Trichiuridae	Trichiuridae	Trichiuridae	Aphanopodinae	Benthodesmus	Benthodesmus	Benthodesmus tenuis
otu_159	Eukaryota	Metazoa	Chordata	Craniata	Actinopterygii	Actinopteri	Neopterygii	Teleostei	Euteleosteomorpha	Plesiopidae	Plesiopidae	Plesiopidae	Plesiopidae	Plesiopidae	Plesiopidae	Plesiopidae	Plesiopinae	Plesiops	Plesiops	unidentified Plesiops
otu_160	Eukaryota	Metazoa	Chordata	Craniata	Actinopterygii	Actinopteri	Neopterygii	Teleostei	Euteleosteomorpha	Gobiiformes	Gobiiformes	Gobiiformes	Gobioidei	Gobiidae	Gobiidae	Gobiidae	Gobionellinae	Lophiogobius	Lophiogobius	Lophiogobius ocellicauda
otu_161	Eukaryota	Metazoa	Chordata	Craniata	Actinopterygii	Actinopteri	Neopterygii	Teleostei	Euteleosteomorpha	Atherinomorphae	Atherinomorphae	Cyprinodontiformes	Aplocheiloidei	Nothobranchiidae	Nothobranchiidae	Nothobranchiidae	Archiaphyosemion	Archiaphyosemion	Archiaphyosemion	Archiaphyosemion guineense
otu_162	Eukaryota	Metazoa	Chordata	Craniata	Actinopterygii	Actinopteri	Neopterygii	Teleostei	Euteleosteomorpha	Lophiiformes	Lophiiformes	Lophiiformes	Ceratioidei	Melanocetidae	Melanocetidae	Melanocetidae	Melanocetus	Melanocetus	Melanocetus	Melanocetus johnsonii
otu_163	Eukaryota	Metazoa	Chordata	Craniata	Actinopterygii	Actinopteri	Neopterygii	Teleostei	Anguilliformes	Anguilliformes	Anguilliformes	Anguilliformes	Synaphobranchidae	Synaphobranchidae	Synaphobranchidae	Synaphobranchidae	Ilyophinae	Ilyophis	Ilyophis	Ilyophis brunneus
otu_164	Eukaryota	Metazoa	Chordata	Craniata	Actinopterygii	Actinopteri	Neopterygii	Teleostei	Euteleosteomorpha	Atherinomorphae	Atherinomorphae	Atheriniformes	Melanotaeniidae	Melanotaeniidae	Melanotaeniidae	Melanotaeniidae	Glossolepis	Glossolepis	Glossolepis	Glossolepis incisus
otu_165	Eukaryota	Metazoa	Chordata	Craniata	Actinopterygii	Actinopteri	Neopterygii	Teleostei	Otomorpha	Ostariophysi	Characiphysae	Siluriformes	Siluroidei	Amphiliidae	Amphiliidae	Amphiliidae	Amphiliinae	Amphilius	Amphilius	Amphilius sp. NM-2010
otu_166	Eukaryota	Metazoa	Chordata	Craniata	Actinopterygii	Actinopteri	Neopterygii	Teleostei	Euteleosteomorpha	Stylephoriformes	Stylephoriformes	Stylephoriformes	Stylephoridae	Stylephoridae	Stylephoridae	Stylephoridae	Stylephorus	Stylephorus	Stylephorus	Stylephorus chordatus
otu_167	Eukaryota	Metazoa	Chordata	Craniata	Actinopterygii	Actinopteri	Neopterygii	Teleostei	Euteleosteomorpha	Tetraodontiformes	Tetraodontiformes	Tetraodontiformes	Tetraodontoidei	Tetradontoidea	Tetradontoidea	Tetraodontidae	Marilyna	Marilyna	Marilyna	Marilyna darwinii
otu_168	Eukaryota	Metazoa	Chordata	Craniata	Actinopterygii	Actinopteri	Neopterygii	Teleostei	Euteleosteomorpha	Centropomidae	Centropomidae	Centropomidae	Centropomidae	Centropomidae	Centropomidae	Centropomidae	Lates	Lates	Lates	Lates calcarifer
otu_169	Eukaryota	Metazoa	Chordata	Craniata	Actinopterygii	Actinopteri	Neopterygii	Teleostei	Euteleosteomorpha	Gobiiformes	Gobiiformes	Gobiiformes	Gobioidei	Gobiidae	Gobiidae	Gobiidae	Gobionellinae	Chaenogobius	Chaenogobius	Chaenogobius gulosus
otu_170	Eukaryota	Metazoa	Chordata	Craniata	Actinopterygii	Actinopteri	Neopterygii	Teleostei	Otomorpha	Ostariophysi	Characiphysae	Siluriformes	Siluroidei	Sisoridae	Sisoridae	Sisoridae	Glyptosterninae	Oreoglanis	Oreoglanis	unidentified Oreoglanis
otu_171	Eukaryota	Metazoa	Chordata	Craniata	Actinopterygii	Actinopteri	Neopterygii	Teleostei	Otomorpha	Clupei	Clupeiformes	Clupeiformes	Clupeoidei	Clupeidae	Clupeidae	Clupeidae	Pellonulinae	Ehirava	Ehirava	Ehirava fluviatilis
otu_172	Eukaryota	Metazoa	Chordata	Craniata	Actinopterygii	Actinopteri	Neopterygii	Teleostei	Euteleosteomorpha	Priacanthiformes	Priacanthiformes	Priacanthiformes	Priacanthidae	Priacanthidae	Priacanthidae	Priacanthidae	Priacanthus	Priacanthus	Priacanthus	unidentified Priacanthus
otu_173	Eukaryota	Metazoa	Chordata	Craniata	Actinopterygii	Actinopteri	Neopterygii	Teleostei	Euteleosteomorpha	Callanthiidae	Callanthiidae	Callanthiidae	Callanthiidae	Callanthiidae	Callanthiidae	Callanthiidae	Callanthias	Callanthias	Callanthias	Callanthias japonicus
otu_174	Eukaryota	Metazoa	Chordata	Craniata	Actinopterygii	Actinopteri	Neopterygii	Teleostei	Euteleosteomorpha	Pomacanthidae	Pomacanthidae	Pomacanthidae	Pomacanthidae	Pomacanthidae	Pomacanthidae	Pomacanthidae	Apolemichthys	Apolemichthys	Apolemichthys	Apolemichthys griffisi
otu_175	Eukaryota	Metazoa	Chordata	Craniata	Actinopterygii	Actinopteri	Neopterygii	Teleostei	Euteleosteomorpha	Centrarchiformes	Centrarchiformes	Centrarchiformes	Centrarchoidei	Centrarchoidei	Centrarchoidei	Sinipercidae	Coreoperca	Coreoperca	Coreoperca	Coreoperca kawamebari
otu_176	Eukaryota	Metazoa	Chordata	Craniata	Actinopterygii	Actinopteri	Neopterygii	Teleostei	Otomorpha	Clupei	Clupeiformes	Clupeiformes	Clupeoidei	Clupeidae	Clupeidae	Clupeidae	Spratelloidinae	Spratelloides	Spratelloides	Spratelloides delicatulus
otu_177	Eukaryota	Metazoa	Chordata	Craniata	Actinopterygii	Actinopteri	Neopterygii	Teleostei	Euteleosteomorpha	Gobiiformes	Gobiiformes	Gobiiformes	Gobioidei	Gobiidae	Gobiidae	Gobiidae	Gobiinae	Glossogobius	Glossogobius	Glossogobius giuris
otu_178	Eukaryota	Metazoa	Chordata	Craniata	Actinopterygii	Actinopteri	Neopterygii	Teleostei	Otomorpha	Ostariophysi	Cypriniphysae	Cypriniformes	Cobitoidei	Nemacheilidae	Nemacheilidae	Nemacheilidae	Homatula	Homatula	Homatula	unidentified Homatula
otu_179	Eukaryota	Metazoa	Chordata	Craniata	Actinopterygii	Actinopteri	Neopterygii	Teleostei	Anguilliformes	Anguilliformes	Anguilliformes	Anguilliformes	Nettastomatidae	Nettastomatidae	Nettastomatidae	Nettastomatidae	Facciolella	Facciolella	Facciolella	Facciolella oxyrhyncha
otu_180	Eukaryota	Metazoa	Chordata	Craniata	Actinopterygii	Actinopteri	Neopterygii	Teleostei	Anguilliformes	Anguilliformes	Anguilliformes	Anguilliformes	Moringuidae	Moringuidae	Moringuidae	Moringuidae	Moringua	Moringua	Moringua	Moringua edwardsi
otu_181	Eukaryota	Metazoa	Chordata	Craniata	Actinopterygii	Actinopteri	Neopterygii	Teleostei	Euteleosteomorpha	Osmeriformes	Osmeriformes	Osmeriformes	Osmeridae	Osmeridae	Osmeridae	Osmeridae	Hypomesinae	Hypomesus	Hypomesus	Hypomesus nipponensis
otu_182	Eukaryota	Metazoa	Chordata	Craniata	Actinopterygii	Actinopteri	Neopterygii	Teleostei	Euteleosteomorpha	Kurtiformes	Kurtiformes	Kurtiformes	Apogonoidei	Apogonidae	Apogonidae	Apogonidae	Apogoninae	Jaydia	Jaydia	Jaydia lineata
otu_183	Eukaryota	Metazoa	Chordata	Craniata	Actinopterygii	Actinopteri	Neopterygii	Teleostei	Euteleosteomorpha	Zeiformes	Zeiformes	Zeiformes	Zeidae	Zeidae	Zeidae	Zeidae	Zeus	Zeus	Zeus	Zeus faber
otu_184	Eukaryota	Metazoa	Chordata	Craniata	Actinopterygii	Actinopteri	Neopterygii	Teleostei	Euteleosteomorpha	Syngnathiformes	Syngnathiformes	Syngnathiformes	Mulloidea	Mullidae	Mullidae	Mullidae	Mulloidichthys	Mulloidichthys	Mulloidichthys	Mulloidichthys vanicolensis
otu_185	Eukaryota	Metazoa	Chordata	Craniata	Actinopterygii	Actinopteri	Neopterygii	Teleostei	Otomorpha	Ostariophysi	Cypriniphysae	Cypriniformes	Cobitoidei	Nemacheilidae	Nemacheilidae	Nemacheilidae	Schistura	Schistura	Schistura	Schistura reticulofasciata
otu_186	Eukaryota	Metazoa	Chordata	Craniata	Actinopterygii	Actinopteri	Neopterygii	Teleostei	Euteleosteomorpha	Gobiiformes	Gobiiformes	Gobiiformes	Gobioidei	Gobiidae	Gobiidae	Gobiidae	Gobionellinae	Redigobius	Redigobius	Redigobius bikolanus
otu_187	Eukaryota	Metazoa	Chordata	Craniata	Actinopterygii	Actinopteri	Neopterygii	Teleostei	Otomorpha	Clupei	Clupeiformes	Clupeiformes	Clupeoidei	Engraulidae	Engraulidae	Engraulidae	Coilinae	Thryssa	Thryssa	Thryssa baelama
otu_188	Eukaryota	Metazoa	Chordata	Craniata	Actinopterygii	Actinopteri	Neopterygii	Teleostei	Euteleosteomorpha	Centrarchiformes	Centrarchiformes	Centrarchiformes	Percichthyoidei	Percichthyoidei	Percichthyoidei	Percichthyidae	Nannoperca	Nannoperca	Nannoperca	Nannoperca obscura
otu_189	Eukaryota	Metazoa	Chordata	Craniata	Actinopterygii	Actinopteri	Neopterygii	Teleostei	Euteleosteomorpha	Argentiniformes	Argentiniformes	Argentiniformes	Opisthoproctidae	Opisthoproctidae	Opisthoproctidae	Opisthoproctidae	Dolichopteryx	Dolichopteryx	Dolichopteryx	Dolichopteryx minuscula
otu_190	Eukaryota	Metazoa	Chordata	Craniata	Actinopterygii	Actinopteri	Neopterygii	Teleostei	Euteleosteomorpha	Pleuronectiformes	Pleuronectiformes	Pleuronectiformes	Pleuronectoidei	Paralichthyidae	Paralichthyidae	Paralichthyidae	Pseudorhombus	Pseudorhombus	Pseudorhombus	Pseudorhombus dupliciocellatus
otu_191	Eukaryota	Metazoa	Chordata	Craniata	Actinopterygii	Actinopteri	Neopterygii	Teleostei	Euteleosteomorpha	Lophiiformes	Lophiiformes	Lophiiformes	Lophioidei	Lophiidae	Lophiidae	Lophiidae	Lophius	Lophius	Lophius	Lophius americanus
otu_192	Eukaryota	Metazoa	Chordata	Craniata	Actinopterygii	Actinopteri	Neopterygii	Teleostei	Euteleosteomorpha	Galaxiiformes	Galaxiiformes	Galaxiiformes	Galaxiidae	Galaxiidae	Galaxiidae	Galaxiidae	Galaxiinae	Galaxiini	Galaxias	Galaxias maculatus
otu_193	Eukaryota	Metazoa	Chordata	Craniata	Actinopterygii	Actinopteri	Neopterygii	Teleostei	Euteleosteomorpha	Tetraodontiformes	Tetraodontiformes	Tetraodontiformes	Tetraodontoidei	Tetradontoidea	Tetradontoidea	Tetraodontidae	Lagocephalus	Lagocephalus	Lagocephalus	Lagocephalus laevigatus
otu_194	Eukaryota	Metazoa	Chordata	Craniata	Actinopterygii	Cladistia	Polypteriformes	Polypteriformes	Polypteriformes	Polypteriformes	Polypteriformes	Polypteriformes	Polypteridae	Polypteridae	Polypteridae	Polypteridae	Erpetoichthys	Erpetoichthys	Erpetoichthys	Erpetoichthys calabaricus
otu_195	Eukaryota	Metazoa	Chordata	Craniata	Actinopterygii	Actinopteri	Neopterygii	Teleostei	Euteleosteomorpha	Anabantiformes	Anabantiformes	Anabantiformes	Anabantoidei	Anabantidae	Anabantidae	Anabantidae	Anabas	Anabas	Anabas	Anabas testudineus
otu_196	Eukaryota	Metazoa	Chordata	Craniata	Actinopterygii	Actinopteri	Neopterygii	Teleostei	Euteleosteomorpha	Labriformes	Labriformes	Labriformes	Labridae	Labridae	Labridae	Labridae	Macropharyngodon	Macropharyngodon	Macropharyngodon	Macropharyngodon negrosensis
otu_197	Eukaryota	Metazoa	Chordata	Craniata	Actinopterygii	Actinopteri	Neopterygii	Teleostei	Euteleosteomorpha	Gobiiformes	Gobiiformes	Gobiiformes	Gobioidei	Gobiidae	Gobiidae	Gobiidae	Gobionellinae	Eucyclogobius	Eucyclogobius	Eucyclogobius newberryi
otu_198	Eukaryota	Metazoa	Chordata	Craniata	Actinopterygii	Actinopteri	Neopterygii	Teleostei	Euteleosteomorpha	Centrarchiformes	Centrarchiformes	Centrarchiformes	Terapontoidei	Terapontoidei	Terapontoidei	Terapontidae	Leiopotherapon	Leiopotherapon	Leiopotherapon	Leiopotherapon unicolor
otu_199	Eukaryota	Metazoa	Chordata	Craniata	Actinopterygii	Actinopteri	Neopterygii	Teleostei	Anguilliformes	Anguilliformes	Anguilliformes	Anguilliformes	Heterenchelyidae	Heterenchelyidae	Heterenchelyidae	Heterenchelyidae	Pythonichthys	Pythonichthys	Pythonichthys	Pythonichthys microphthalmus
otu_200	Eukaryota	Metazoa	Chordata	Craniata	Actinopterygii	Actinopteri	Neopterygii	Teleostei	Euteleosteomorpha	Pempheriformes	Pempheriformes	Pempheriformes	Pempheridae	Pempheridae	Pempheridae	Pempheridae	Pempheris	Pempheris	Pempheris	unidentified Pempheris
otu_201	Eukaryota	Metazoa	Chordata	Craniata	Actinopterygii	Actinopteri	Neopterygii	Teleostei	Otomorpha	Ostariophysi	Characiphysae	Siluriformes	Siluroidei	Pseudopimelodidae	Pseudopimelodidae	Pseudopimelodidae	Lophiosilurus	Lophiosilurus	Lophiosilurus	Lophiosilurus alexandri
otu_202	Eukaryota	Metazoa	Chordata	Craniata	Actinopterygii	Actinopteri	Neopterygii	Holostei	Semionotiformes	Semionotiformes	Semionotiformes	Semionotiformes	Lepisosteidae	Lepisosteidae	Lepisosteidae	Lepisosteidae	Atractosteus	Atractosteus	Atractosteus	Atractosteus spatula
otu_203	Eukaryota	Metazoa	Chordata	Craniata	Actinopterygii	Actinopteri	Neopterygii	Teleostei	Euteleosteomorpha	Galaxiiformes	Galaxiiformes	Galaxiiformes	Galaxiidae	Galaxiidae	Galaxiidae	Galaxiidae	Galaxiinae	Galaxiini	Galaxiella	Galaxiella nigrostriata
otu_204	Eukaryota	Metazoa	Chordata	Craniata	Actinopterygii	Actinopteri	Neopterygii	Teleostei	Euteleosteomorpha	Gerreiformes	Gerreiformes	Gerreiformes	Gerreidae	Gerreidae	Gerreidae	Gerreidae	Gerres	Gerres	Gerres	unidentified Gerres
otu_205	Eukaryota	Metazoa	Chordata	Craniata	Actinopterygii	Actinopteri	Neopterygii	Teleostei	Euteleosteomorpha	Atherinomorphae	Atherinomorphae	Cyprinodontiformes	Aplocheiloidei	Nothobranchiidae	Nothobranchiidae	Nothobranchiidae	Nothobranchius	Nothobranchius	Nothobranchius	Nothobranchius thierryi
otu_206	Eukaryota	Metazoa	Chordata	Craniata	Actinopterygii	Actinopteri	Neopterygii	Teleostei	Euteleosteomorpha	Percopsiformes	Percopsiformes	Percopsiformes	Aphredoderoidei	Aphredoderidae	Aphredoderidae	Aphredoderidae	Aphredoderus	Aphredoderus	Aphredoderus	Aphredoderus sayanus
otu_207	Eukaryota	Metazoa	Chordata	Craniata	Actinopterygii	Actinopteri	Neopterygii	Teleostei	Euteleosteomorpha	Zeiformes	Zeiformes	Zeiformes	Zenionidae	Zenionidae	Zenionidae	Zenionidae	Zenion	Zenion	Zenion	Zenion japonicum
otu_208	Eukaryota	Metazoa	Chordata	Craniata	Actinopterygii	Actinopteri	Neopterygii	Teleostei	Otomorpha	Ostariophysi	Cypriniphysae	Cypriniformes	Cyprinoidei	Xenocyprididae	Xenocyprididae	Xenocyprididae	Xenocypridinae	Hemiculter	Hemiculter	Hemiculter bleekeri
otu_209	Eukaryota	Metazoa	Chordata	Craniata	Actinopterygii	Actinopteri	Neopterygii	Teleostei	Euteleosteomorpha	Labriformes	Labriformes	Labriformes	Labridae	Labridae	Labridae	Labridae	Halichoeres	Halichoeres	Halichoeres	Halichoeres hartzfeldii
otu_210	Eukaryota	Metazoa	Chordata	Craniata	Actinopterygii	Actinopteri	Neopterygii	Teleostei	Euteleosteomorpha	Perciformes	Perciformes	Perciformes	Serranoidei	Serranidae	Serranidae	Serranidae	Anthiinae	Pseudanthias	Pseudanthias	Pseudanthias dispar
otu_211	Eukaryota	Metazoa	Chordata	Craniata	Actinopterygii	Actinopteri	Neopterygii	Teleostei	Otomorpha	Ostariophysi	Characiphysae	Characiformes	Characoidei	Serrasalmidae	Serrasalmidae	Serrasalmidae	unidentified Serrasalmidae	unidentified Serrasalmidae	unidentified Serrasalmidae	unidentified Serrasalmidae
otu_212	Eukaryota	Metazoa	Chordata	Craniata	Actinopterygii	Actinopteri	Neopterygii	Teleostei	Euteleosteomorpha	Sciaenidae	Sciaenidae	Sciaenidae	Sciaenidae	Sciaenidae	Sciaenidae	Sciaenidae	Johnius	Johnius	Johnius	Johnius carouna
otu_213	Eukaryota	Metazoa	Chordata	Craniata	Actinopterygii	Actinopteri	Neopterygii	Teleostei	Euteleosteomorpha	Pempheriformes	Pempheriformes	Pempheriformes	Champsodontidae	Champsodontidae	Champsodontidae	Champsodontidae	Champsodon	Champsodon	Champsodon	Champsodon cf. snyderi CBM-ZF 10876
otu_214	Eukaryota	Metazoa	Chordata	Craniata	Actinopterygii	Actinopteri	Neopterygii	Teleostei	Euteleosteomorpha	Gadiformes	Gadiformes	Gadiformes	Macrouroidei	Macrouridae	Macrouridae	Macrouridae	Macrourinae	Cetonurus	Cetonurus	Cetonurus globiceps
otu_215	Eukaryota	Metazoa	Chordata	Craniata	Actinopterygii	Actinopteri	Neopterygii	Teleostei	Euteleosteomorpha	Cichlomorphae	Cichlomorphae	Cichliformes	Cichlidae	Cichlidae	Cichlidae	Cichlidae	Cichlasomatinae	Cichlasomatini	Nannacara	Nannacara anomala
