query	superkingdom	kingdom	phylum	subphylum	superclass	class	subclass	infraclass	cohort	subcohort	superorder	order	suborder	infraorder	superfamily	family	subfamily	tribe	genus	subgenus	species	subspecies
otu_001	Eukaryota	Metazoa	Chordata	Craniata	Actinopterygii	Actinopteri	Neopterygii	Teleostei	Euteleosteomorpha	Siganidae	Siganidae	Siganidae	Siganidae	Siganidae	Siganidae	Siganidae	Siganus	Siganus	Siganus	unidentified Siganus	unidentified Siganus	unidentified Siganus
otu_002	Eukaryota	Metazoa	Chordata	Craniata	Actinopterygii	Actinopteri	Neopterygii	Teleostei	Euteleosteomorpha	Anabantiformes	Anabantiformes	Anabantiformes	Anabantoidei	Osphronemidae	Osphronemidae	Osphronemidae	Osphroneminae	Osphronemus	Osphronemus	Osphronemus goramy	Osphronemus goramy	unidentified Osphronemus goramy
otu_003	Eukaryota	Metazoa	Chordata	Craniata	Actinopterygii	Actinopteri	Neopterygii	Teleostei	Otomorpha	Clupei	Clupeiformes	Clupeiformes	Clupeoidei	Engraulidae	Engraulidae	Engraulidae	Engraulinae	Amazonsprattus	Amazonsprattus	Amazonsprattus scintilla	Amazonsprattus scintilla	unidentified Amazonsprattus scintilla
otu_004	Eukaryota	Metazoa	Chordata	Craniata	Actinopterygii	Actinopteri	Neopterygii	Teleostei	Otomorpha	Ostariophysi	Cypriniphysae	Cypriniformes	Cobitoidei	Cobitidae	Cobitidae	Cobitidae	Cobitinae	unidentified Cobitinae	unidentified Cobitinae	unidentified Cobitinae	unidentified Cobitinae	unidentified Cobitinae
otu_005	Eukaryota	Metazoa	Chordata	Craniata	Actinopterygii	Actinopteri	Neopterygii	Teleostei	Euteleosteomorpha	Atherinomorphae	Atherinomorphae	Cyprinodontiformes	Cyprinodontoidei	Poeciliidae	Poeciliidae	Poeciliidae	Poeciliinae	Xiphophorus	Xiphophorus	Xiphophorus hellerii	Xiphophorus hellerii	unidentified Xiphophorus hellerii
otu_006	Eukaryota	Metazoa	Chordata	Craniata	Actinopterygii	Actinopteri	Neopterygii	Teleostei	Osteoglossiformes	Osteoglossiformes	Osteoglossiformes	Osteoglossiformes	Notopteridae	Notopteridae	Notopteridae	Notopteridae	Papyrocranus	Papyrocranus	Papyrocranus	Papyrocranus congoensis	Papyrocranus congoensis	unidentified Papyrocranus congoensis
otu_007	Eukaryota	Metazoa	Chordata	Craniata	Actinopterygii	Actinopteri	Neopterygii	Teleostei	Euteleosteomorpha	Pleuronectiformes	Pleuronectiformes	Pleuronectiformes	Pleuronectoidei	Soleidae	Soleidae	Soleidae	Pseudaesopia	Pseudaesopia	Pseudaesopia	Pseudaesopia japonica	Pseudaesopia japonica	unidentified Pseudaesopia japonica
otu_008	Eukaryota	Metazoa	Chordata	Craniata	Actinopterygii	Actinopteri	Neopterygii	Teleostei	Euteleosteomorpha	Aulopiformes	Aulopiformes	Aulopiformes	Aulopoidei	Synodontidae	Synodontidae	Synodontidae	Synodontinae	Synodus	Synodus	Synodus variegatus	Synodus variegatus	unidentified Synodus variegatus
otu_009	Eukaryota	Metazoa	Chordata	Craniata	Actinopterygii	Actinopteri	Neopterygii	Teleostei	Euteleosteomorpha	Centrarchiformes	Centrarchiformes	Centrarchiformes	Centrarchoidei	Centrarchoidei	Centrarchoidei	Sinipercidae	Coreoperca	Coreoperca	Coreoperca	Coreoperca herzi	Coreoperca herzi	unidentified Coreoperca herzi
otu_010	Eukaryota	Metazoa	Chordata	Craniata	Actinopterygii	Actinopteri	Neopterygii	Teleostei	Euteleosteomorpha	Spariformes	Spariformes	Spariformes	Nemipteridae	Nemipteridae	Nemipteridae	Nemipteridae	Nemipterus	Nemipterus	Nemipterus	Nemipterus bathybius	Nemipterus bathybius	unidentified Nemipterus bathybius
otu_011	Eukaryota	Metazoa	Chordata	Craniata	Actinopterygii	Actinopteri	Neopterygii	Teleostei	Otomorpha	Ostariophysi	Cypriniphysae	Cypriniformes	Cyprinoidei	Danionidae	Danionidae	Danionidae	Rasborinae	Rasbora	Rasbora	Rasbora argyrotaenia	Rasbora argyrotaenia	unidentified Rasbora argyrotaenia
otu_012	Eukaryota	Metazoa	Chordata	Craniata	Actinopterygii	Actinopteri	Neopterygii	Teleostei	Euteleosteomorpha	Perciformes	Perciformes	Perciformes	Notothenioidei	Eleginopidae	Eleginopidae	Eleginopidae	Eleginops	Eleginops	Eleginops	Eleginops maclovinus	Eleginops maclovinus	unidentified Eleginops maclovinus
otu_013	Eukaryota	Metazoa	Chordata	Craniata	Actinopterygii	Actinopteri	Neopterygii	Teleostei	Otomorpha	Alepocephali	Alepocephaliformes	Alepocephaliformes	Alepocephalidae	Alepocephalidae	Alepocephalidae	Alepocephalidae	Leptoderma	Leptoderma	Leptoderma	Leptoderma lubricum	Leptoderma lubricum	unidentified Leptoderma lubricum
otu_014	Eukaryota	Metazoa	Chordata	Craniata	Actinopterygii	Actinopteri	Neopterygii	Teleostei	Otomorpha	Clupei	Clupeiformes	Clupeiformes	Clupeoidei	Engraulidae	Engraulidae	Engraulidae	Coilinae	Lycothrissa	Lycothrissa	Lycothrissa crocodilus	Lycothrissa crocodilus	unidentified Lycothrissa crocodilus
otu_015	Eukaryota	Metazoa	Chordata	Craniata	Actinopterygii	Actinopteri	Neopterygii	Teleostei	Otomorpha	Ostariophysi	Cypriniphysae	Cypriniformes	Cyprinoidei	Acheilognathidae	Acheilognathidae	Acheilognathidae	Acheilognathus	Acheilognathus	Acheilognathus	Acheilognathus yamatsutae	Acheilognathus yamatsutae	unidentified Acheilognathus yamatsutae
otu_016	Eukaryota	Metazoa	Chordata	Craniata	Actinopterygii	Actinopteri	Neopterygii	Teleostei	Otomorpha	Clupei	Clupeiformes	Clupeiformes	Clupeoidei	Clupeidae	Clupeidae	Clupeidae	Clupeinae	Ethmidium	Ethmidium	Ethmidium maculatum	Ethmidium maculatum	unidentified Ethmidium maculatum
otu_017	Eukaryota	Metazoa	Chordata	Craniata	Actinopterygii	Actinopteri	Neopterygii	Teleostei	Otomorpha	Ostariophysi	Cypriniphysae	Cypriniformes	Cyprinoidei	Cyprinidae	Cyprinidae	Cyprinidae	Acrossocheilinae	Onychostoma	Onychostoma	Onychostoma rara	Onychostoma rara	unidentified Onychostoma rara
otu_018	Eukaryota	Metazoa	Chordata	Craniata	Actinopterygii	Actinopteri	Neopterygii	Teleostei	Euteleosteomorpha	Perciformes	Perciformes	Perciformes	Cottioidei	Cottales	Cottidae	Cottidae	Clinocottus	Clinocottus	Clinocottus	Clinocottus analis	Clinocottus analis	unidentified Clinocottus analis
otu_019	Eukaryota	Metazoa	Chordata	Craniata	Actinopterygii	Actinopteri	Neopterygii	Teleostei	Otomorpha	Clupei	Clupeiformes	Clupeiformes	Clupeoidei	Engraulidae	Engraulidae	Engraulidae	Engraulinae	Stolephorus	Stolephorus	Stolephorus commersonnii	Stolephorus commersonnii	unidentified Stolephorus commersonnii
otu_020	Eukaryota	Metazoa	Chordata	Craniata	Actinopterygii	Actinopteri	Neopterygii	Teleostei	Euteleosteomorpha	Stomiiformes	Stomiiformes	Stomiiformes	Stomiidae	Stomiidae	Stomiidae	Stomiidae	Chauliodontinae	Chauliodus	Chauliodus	Chauliodus sloani	Chauliodus sloani	unidentified Chauliodus sloani
otu_021	Eukaryota	Metazoa	Chordata	Craniata	Actinopterygii	Actinopteri	Neopterygii	Teleostei	Otomorpha	Ostariophysi	Cypriniphysae	Cypriniformes	Cobitoidei	Nemacheilidae	Nemacheilidae	Nemacheilidae	Barbatula	Barbatula	Barbatula	unidentified Barbatula	unidentified Barbatula	unidentified Barbatula
otu_022	Eukaryota	Metazoa	Chordata	Craniata	Actinopterygii	Actinopteri	Neopterygii	Teleostei	Otomorpha	Ostariophysi	Characiphysae	Siluriformes	Siluroidei	Doradidae	Doradidae	Doradidae	Platydoras	Platydoras	Platydoras	Platydoras armatulus	Platydoras armatulus	unidentified Platydoras armatulus
otu_023	Eukaryota	Metazoa	Chordata	Craniata	Actinopterygii	Actinopteri	Neopterygii	Teleostei	Euteleosteomorpha	Labriformes	Labriformes	Labriformes	Labridae	Labridae	Labridae	Labridae	Calotomus	Calotomus	Calotomus	Calotomus japonicus	Calotomus japonicus	unidentified Calotomus japonicus
otu_024	Eukaryota	Metazoa	Chordata	Craniata	Actinopterygii	Actinopteri	Neopterygii	Teleostei	Euteleosteomorpha	Kurtiformes	Kurtiformes	Kurtiformes	Apogonoidei	Apogonidae	Apogonidae	Apogonidae	Apogoninae	Jaydia	Jaydia	Jaydia lineata	Jaydia lineata	unidentified Jaydia lineata
otu_025	Eukaryota	Metazoa	Chordata	Craniata	Actinopterygii	Actinopteri	Neopterygii	Teleostei	Euteleosteomorpha	Tetraodontiformes	Tetraodontiformes	Tetraodontiformes	Moloidei	Molidae	Molidae	Molidae	Masturus	Masturus	Masturus	Masturus lanceolatus	Masturus lanceolatus	unidentified Masturus lanceolatus
otu_026	Eukaryota	Metazoa	Chordata	Craniata	Actinopterygii	Actinopteri	Neopterygii	Teleostei	Euteleosteomorpha	Atherinomorphae	Atherinomorphae	Cyprinodontiformes	Aplocheiloidei	Nothobranchiidae	Nothobranchiidae	Nothobranchiidae	Scriptaphyosemion	Scriptaphyosemion	Scriptaphyosemion	Scriptaphyosemion bertholdi	Scriptaphyosemion bertholdi	unidentified Scriptaphyosemion bertholdi
otu_027	Eukaryota	Metazoa	Chordata	Craniata	Actinopterygii	Actinopteri	Neopterygii	Teleostei	Euteleosteomorpha	Atherinomorphae	Atherinomorphae	Cyprinodontiformes	Aplocheiloidei	Nothobranchiidae	Nothobranchiidae	Nothobranchiidae	Scriptaphyosemion	Scriptaphyosemion	Scriptaphyosemion	Scriptaphyosemion schmitti	Scriptaphyosemion schmitti	unidentified Scriptaphyosemion schmitti
otu_028	Eukaryota	Metazoa	Chordata	Craniata	Actinopterygii	Actinopteri	Neopterygii	Teleostei	Euteleosteomorpha	Esociformes	Esociformes	Esociformes	Umbridae	Umbridae	Umbridae	Umbridae	Novumbra	Novumbra	Novumbra	Novumbra hubbsi	Novumbra hubbsi	unidentified Novumbra hubbsi
otu_029	Eukaryota	Metazoa	Chordata	Craniata	Actinopterygii	Actinopteri	Neopterygii	Teleostei	Otomorpha	Ostariophysi	Cypriniphysae	Cypriniformes	Cyprinoidei	Acheilognathidae	Acheilognathidae	Acheilognathidae	Acheilognathus	Acheilognathus	Acheilognathus	Acheilognathus majusculus	Acheilognathus majusculus	unidentified Acheilognathus majusculus
otu_030	Eukaryota	Metazoa	Chordata	Craniata	Actinopterygii	Actinopteri	Neopterygii	Teleostei	Euteleosteomorpha	Centrarchiformes	Centrarchiformes	Centrarchiformes	Centrarchoidei	Centrarchoidei	Centrarchoidei	Centrarchidae	Lepomis	Lepomis	Lepomis	Lepomis punctatus	Lepomis punctatus	unidentified Lepomis punctatus
otu_031	Eukaryota	Metazoa	Chordata	Craniata	Actinopterygii	Actinopteri	Neopterygii	Teleostei	Euteleosteomorpha	Stomiiformes	Stomiiformes	Stomiiformes	Stomiidae	Stomiidae	Stomiidae	Stomiidae	Stomiinae	Stomias	Stomias	Stomias atriventer	Stomias atriventer	unidentified Stomias atriventer
otu_032	Eukaryota	Metazoa	Chordata	Craniata	Actinopterygii	Actinopteri	Neopterygii	Teleostei	Otomorpha	Ostariophysi	Cypriniphysae	Cypriniformes	Cyprinoidei	Gobionidae	Gobionidae	Gobionidae	Gobioninae	Biwia	Biwia	Biwia zezera	Biwia zezera	unidentified Biwia zezera
otu_033	Eukaryota	Metazoa	Chordata	Craniata	Actinopterygii	Actinopteri	Neopterygii	Teleostei	Otomorpha	Ostariophysi	Cypriniphysae	Cypriniformes	Cyprinoidei	Xenocyprididae	Xenocyprididae	Xenocyprididae	Xenocypridinae	Pseudolaubuca	Pseudolaubuca	Pseudolaubuca engraulis	Pseudolaubuca engraulis	unidentified Pseudolaubuca engraulis
otu_034	Eukaryota	Metazoa	Chordata	Craniata	Actinopterygii	Actinopteri	Neopterygii	Teleostei	Euteleosteomorpha	Zeiformes	Zeiformes	Zeiformes	Zenionidae	Zenionidae	Zenionidae	Zenionidae	Zenion	Zenion	Zenion	Zenion japonicum	Zenion japonicum	unidentified Zenion japonicum
otu_035	Eukaryota	Metazoa	Chordata	Craniata	Actinopterygii	Actinopteri	Neopterygii	Teleostei	Euteleosteomorpha	Atherinomorphae	Atherinomorphae	Cyprinodontiformes	Cyprinodontoidei	Cyprinodontidae	Cyprinodontidae	Cyprinodontidae	Cyprinodontinae	Orestiniini	Orestias	Orestias ascotanensis	Orestias ascotanensis	unidentified Orestias ascotanensis
otu_036	Eukaryota	Metazoa	Chordata	Craniata	Actinopterygii	Actinopteri	Neopterygii	Teleostei	Euteleosteomorpha	Cichlomorphae	Cichlomorphae	Cichliformes	Cichlidae	Cichlidae	Cichlidae	Cichlidae	Geophaginae	Geophagini	Geophagus	Geophagus brasiliensis	Geophagus brasiliensis	unidentified Geophagus brasiliensis
otu_037	Eukaryota	Metazoa	Chordata	Craniata	Actinopterygii	Actinopteri	Neopterygii	Teleostei	Otomorpha	Ostariophysi	Cypriniphysae	Cypriniformes	Cobitoidei	Nemacheilidae	Nemacheilidae	Nemacheilidae	Triplophysa	Triplophysa	Triplophysa	Triplophysa xiangxiensis	Triplophysa xiangxiensis	unidentified Triplophysa xiangxiensis
otu_038	Eukaryota	Metazoa	Chordata	Craniata	Actinopterygii	Actinopteri	Neopterygii	Teleostei	Euteleosteomorpha	Polynemidae	Polynemidae	Polynemidae	Polynemidae	Polynemidae	Polynemidae	Polynemidae	Polydactylus	Polydactylus	Polydactylus	Polydactylus plebeius	Polydactylus plebeius	unidentified Polydactylus plebeius
otu_039	Eukaryota	Metazoa	Chordata	Craniata	Actinopterygii	Actinopteri	Neopterygii	Teleostei	Euteleosteomorpha	Pempheriformes	Pempheriformes	Pempheriformes	Epigonidae	Epigonidae	Epigonidae	Epigonidae	Epigonus	Epigonus	Epigonus	Epigonus denticulatus	Epigonus denticulatus	unidentified Epigonus denticulatus
otu_040	Eukaryota	Metazoa	Chordata	Craniata	Actinopterygii	Actinopteri	Neopterygii	Teleostei	Euteleosteomorpha	Anabantiformes	Anabantiformes	Anabantiformes	Channoidei	Channidae	Channidae	Channidae	Channa	Channa	Channa	Channa striata	Channa striata	unidentified Channa striata
otu_041	Eukaryota	Metazoa	Chordata	Craniata	Actinopterygii	Actinopteri	Neopterygii	Teleostei	Otomorpha	Clupei	Clupeiformes	Clupeiformes	Clupeoidei	Clupeidae	Clupeidae	Clupeidae	Clupeinae	Sardinella	Sardinella	unidentified Sardinella	unidentified Sardinella	unidentified Sardinella
otu_042	Eukaryota	Metazoa	Chordata	Craniata	Actinopterygii	Actinopteri	Neopterygii	Teleostei	Euteleosteomorpha	Tetraodontiformes	Tetraodontiformes	Tetraodontiformes	Tetraodontoidei	Tetradontoidea	Tetradontoidea	Tetraodontidae	Omegophora	Omegophora	Omegophora	Omegophora armilla	Omegophora armilla	unidentified Omegophora armilla
otu_043	Eukaryota	Metazoa	Chordata	Craniata	Actinopterygii	Actinopteri	Neopterygii	Teleostei	Otomorpha	Ostariophysi	Cypriniphysae	Cypriniformes	Cyprinoidei	Xenocyprididae	Xenocyprididae	Xenocyprididae	Xenocypridinae	Macrochirichthys	Macrochirichthys	Macrochirichthys macrochirus	Macrochirichthys macrochirus	unidentified Macrochirichthys macrochirus
otu_044	Eukaryota	Metazoa	Chordata	Craniata	Actinopterygii	Actinopteri	Neopterygii	Teleostei	Otomorpha	Clupei	Clupeiformes	Clupeiformes	Clupeoidei	Clupeidae	Clupeidae	Clupeidae	Alosinae	Tenualosa	Tenualosa	unidentified Tenualosa	unidentified Tenualosa	unidentified Tenualosa
otu_045	Eukaryota	Metazoa	Chordata	Craniata	Actinopterygii	Actinopteri	Neopterygii	Teleostei	Otomorpha	Ostariophysi	Characiphysae	Characiformes	Characoidei	Alestidae	Alestidae	Alestidae	Phenacogrammus	Phenacogrammus	Phenacogrammus	Phenacogrammus interruptus	Phenacogrammus interruptus	unidentified Phenacogrammus interruptus
otu_046	Eukaryota	Metazoa	Chordata	Craniata	Actinopterygii	Actinopteri	Neopterygii	Teleostei	Otomorpha	Ostariophysi	Cypriniphysae	Cypriniformes	Cyprinoidei	Danionidae	Danionidae	Danionidae	Danioninae	Danio	Danio	Danio albolineatus	Danio albolineatus	unidentified Danio albolineatus
otu_047	Eukaryota	Metazoa	Chordata	Craniata	Actinopterygii	Actinopteri	Neopterygii	Teleostei	Euteleosteomorpha	Holocentriformes	Holocentriformes	Holocentriformes	Holocentridae	Holocentridae	Holocentridae	Holocentridae	Holocentrinae	Sargocentron	Sargocentron	Sargocentron rubrum	Sargocentron rubrum	unidentified Sargocentron rubrum
otu_048	Eukaryota	Metazoa	Chordata	Craniata	Actinopterygii	Actinopteri	Neopterygii	Teleostei	Otomorpha	Clupei	Clupeiformes	Clupeiformes	Clupeoidei	Clupeidae	Clupeidae	Clupeidae	Pellonulinae	Ehirava	Ehirava	Ehirava fluviatilis	Ehirava fluviatilis	unidentified Ehirava fluviatilis
otu_049	Eukaryota	Metazoa	Chordata	Craniata	Actinopterygii	Actinopteri	Neopterygii	Teleostei	Albuliformes	Albuliformes	Albuliformes	Albuliformes	Albulidae	Albulidae	Albulidae	Albulidae	Pterothrissinae	Pterothrissus	Pterothrissus	Pterothrissus gissu	Pterothrissus gissu	unidentified Pterothrissus gissu
otu_050	Eukaryota	Metazoa	Chordata	Craniata	Actinopterygii	Actinopteri	Neopterygii	Teleostei	Otomorpha	Ostariophysi	Cypriniphysae	Cypriniformes	Cyprinoidei	Cyprinidae	Cyprinidae	Cyprinidae	Smiliogastrinae	Enteromius	Enteromius	Enteromius eburneensis	Enteromius eburneensis	unidentified Enteromius eburneensis
otu_051	Eukaryota	Metazoa	Chordata	Craniata	Actinopterygii	Actinopteri	Neopterygii	Teleostei	Otomorpha	Ostariophysi	Cypriniphysae	Cypriniformes	Cyprinoidei	Gobionidae	Gobionidae	Gobionidae	Squalidus	Squalidus	Squalidus	unidentified Squalidus	unidentified Squalidus	unidentified Squalidus
otu_052	Eukaryota	Metazoa	Chordata	Craniata	Actinopterygii	Actinopteri	Neopterygii	Teleostei	Anguilliformes	Anguilliformes	Anguilliformes	Anguilliformes	Derichthyidae	Derichthyidae	Derichthyidae	Derichthyidae	Nessorhamphus	Nessorhamphus	Nessorhamphus	Nessorhamphus ingolfianus	Nessorhamphus ingolfianus	unidentified Nessorhamphus ingolfianus
otu_053	Eukaryota	Metazoa	Chordata	Craniata	Actinopterygii	Actinopteri	Neopterygii	Teleostei	Otomorpha	Ostariophysi	Cypriniphysae	Cypriniformes	Cyprinoidei	Cyprinidae	Cyprinidae	Cyprinidae	Cyprininae	Sinocyclocheilus	Sinocyclocheilus	Sinocyclocheilus altishoulderus	Sinocyclocheilus altishoulderus	unidentified Sinocyclocheilus altishoulderus
otu_054	Eukaryota	Metazoa	Chordata	Craniata	Actinopterygii	Actinopteri	Neopterygii	Teleostei	Euteleosteomorpha	Tetraodontiformes	Tetraodontiformes	Tetraodontiformes	Ostracioidea	Ostracioidea	Ostracioidea	Aracanidae	Anoplocapros	Anoplocapros	Anoplocapros	Anoplocapros lenticularis	Anoplocapros lenticularis	unidentified Anoplocapros lenticularis
otu_055	Eukaryota	Metazoa	Chordata	Craniata	Actinopterygii	Actinopteri	Neopterygii	Teleostei	Otomorpha	Ostariophysi	Cypriniphysae	Cypriniformes	Cyprinoidei	Leuciscidae	Leuciscidae	Leuciscidae	Pogonichthyinae	Campostoma	Campostoma	Campostoma anomalum	Campostoma anomalum	unidentified Campostoma anomalum
otu_056	Eukaryota	Metazoa	Chordata	Craniata	Actinopterygii	Actinopteri	Neopterygii	Teleostei	Euteleosteomorpha	Blenniiformes	Blenniiformes	Blenniiformes	Blennioidei	Blenniidae	Blenniidae	Blenniidae	Blenniinae	Petroscirtes	Petroscirtes	Petroscirtes breviceps	Petroscirtes breviceps	unidentified Petroscirtes breviceps
otu_057	Eukaryota	Metazoa	Chordata	Craniata	Actinopterygii	Actinopteri	Neopterygii	Teleostei	Euteleosteomorpha	Tetraodontiformes	Tetraodontiformes	Tetraodontiformes	Tetraodontoidei	Tetradontoidea	Tetradontoidea	Tetraodontidae	Chelonodontops	Chelonodontops	Chelonodontops	Chelonodontops patoca	Chelonodontops patoca	unidentified Chelonodontops patoca
otu_058	Eukaryota	Metazoa	Chordata	Craniata	Actinopterygii	Actinopteri	Neopterygii	Teleostei	Euteleosteomorpha	Syngnathiformes	Syngnathiformes	Syngnathiformes	Syngnathoidei	Pegasidae	Pegasidae	Pegasidae	Pegasus	Pegasus	Pegasus	Pegasus volitans	Pegasus volitans	unidentified Pegasus volitans
otu_059	Eukaryota	Metazoa	Chordata	Craniata	Actinopterygii	Actinopteri	Neopterygii	Teleostei	Euteleosteomorpha	Scombriformes	Scombriformes	Scombriformes	Trichiuridae	Trichiuridae	Trichiuridae	Trichiuridae	Trichiurinae	Trichiurus	Trichiurus	Trichiurus lepturus	Trichiurus lepturus	Trichiurus lepturus nanhaiensis
otu_060	Eukaryota	Metazoa	Chordata	Craniata	Actinopterygii	Actinopteri	Neopterygii	Teleostei	Euteleosteomorpha	Esociformes	Esociformes	Esociformes	Umbridae	Umbridae	Umbridae	Umbridae	Dallia	Dallia	Dallia	Dallia pectoralis	Dallia pectoralis	unidentified Dallia pectoralis
otu_061	Eukaryota	Metazoa	Chordata	Craniata	Actinopterygii	Actinopteri	Neopterygii	Teleostei	Anguilliformes	Anguilliformes	Anguilliformes	Anguilliformes	Muraenidae	Muraenidae	Muraenidae	Muraenidae	Muraeninae	Gymnothorax	Gymnothorax	Gymnothorax niphostigmus	Gymnothorax niphostigmus	unidentified Gymnothorax niphostigmus
otu_062	Eukaryota	Metazoa	Chordata	Craniata	Actinopterygii	Actinopteri	Neopterygii	Teleostei	Euteleosteomorpha	Gobiiformes	Gobiiformes	Gobiiformes	Gobioidei	Gobiidae	Gobiidae	Gobiidae	Gobionellinae	Pseudogobius	Pseudogobius	Pseudogobius fulvicaudus	Pseudogobius fulvicaudus	unidentified Pseudogobius fulvicaudus
otu_063	Eukaryota	Metazoa	Chordata	Craniata	Actinopterygii	Actinopteri	Neopterygii	Teleostei	Euteleosteomorpha	Pleuronectiformes	Pleuronectiformes	Pleuronectiformes	Pleuronectoidei	Rhombosoleidae	Rhombosoleidae	Rhombosoleidae	Peltorhamphus	Peltorhamphus	Peltorhamphus	Peltorhamphus novaezeelandiae	Peltorhamphus novaezeelandiae	unidentified Peltorhamphus novaezeelandiae
otu_064	Eukaryota	Metazoa	Chordata	Craniata	Actinopterygii	Actinopteri	Neopterygii	Teleostei	Euteleosteomorpha	Gobiiformes	Gobiiformes	Gobiiformes	Gobioidei	Gobiidae	Gobiidae	Gobiidae	Oxudercinae	Oxuderces	Oxuderces	Oxuderces dentatus	Oxuderces dentatus	unidentified Oxuderces dentatus
otu_065	Eukaryota	Metazoa	Chordata	Craniata	Actinopterygii	Actinopteri	Neopterygii	Teleostei	Euteleosteomorpha	Atherinomorphae	Atherinomorphae	Cyprinodontiformes	Cyprinodontoidei	Poeciliidae	Poeciliidae	Poeciliidae	Poeciliinae	Xiphophorus	Xiphophorus	Xiphophorus couchianus	Xiphophorus couchianus	unidentified Xiphophorus couchianus
otu_066	Eukaryota	Metazoa	Chordata	Craniata	Actinopterygii	Actinopteri	Neopterygii	Teleostei	Euteleosteomorpha	Sillaginidae	Sillaginidae	Sillaginidae	Sillaginidae	Sillaginidae	Sillaginidae	Sillaginidae	Sillago	Sillago	Sillago	Sillago shaoi	Sillago shaoi	unidentified Sillago shaoi
otu_067	Eukaryota	Metazoa	Chordata	Craniata	Actinopterygii	Actinopteri	Neopterygii	Teleostei	Euteleosteomorpha	Pomacanthidae	Pomacanthidae	Pomacanthidae	Pomacanthidae	Pomacanthidae	Pomacanthidae	Pomacanthidae	Holacanthus	Holacanthus	Holacanthus	Holacanthus africanus	Holacanthus africanus	unidentified Holacanthus africanus
otu_068	Eukaryota	Metazoa	Chordata	Craniata	Actinopterygii	Actinopteri	Neopterygii	Teleostei	Euteleosteomorpha	Perciformes	Perciformes	Perciformes	Percoidei	Percidae	Percidae	Percidae	Etheostomatinae	Etheostoma	Etheostoma	Oligocephalus	Etheostoma caeruleum	unidentified Etheostoma caeruleum
otu_069	Eukaryota	Metazoa	Chordata	Craniata	Actinopterygii	Actinopteri	Neopterygii	Teleostei	Euteleosteomorpha	Lophiiformes	Lophiiformes	Lophiiformes	Ceratioidei	Oneirodidae	Oneirodidae	Oneirodidae	Oneirodes	Oneirodes	Oneirodes	unidentified Oneirodes	unidentified Oneirodes	unidentified Oneirodes
otu_070	Eukaryota	Metazoa	Chordata	Craniata	Actinopterygii	Actinopteri	Neopterygii	Teleostei	Otomorpha	Ostariophysi	Cypriniphysae	Cypriniformes	Cyprinoidei	Cyprinidae	Cyprinidae	Cyprinidae	Labeoninae	Osteochilus	Osteochilus	Osteochilus hasseltii	Osteochilus hasseltii	unidentified Osteochilus hasseltii
otu_071	Eukaryota	Metazoa	Chordata	Craniata	Actinopterygii	Actinopteri	Neopterygii	Teleostei	Euteleosteomorpha	Pseudochromidae	Pseudochromidae	Pseudochromidae	Pseudochromidae	Pseudochromidae	Pseudochromidae	Pseudochromidae	Pseudochrominae	Labracinus	Labracinus	Labracinus cyclophthalmus	Labracinus cyclophthalmus	unidentified Labracinus cyclophthalmus
otu_072	Eukaryota	Metazoa	Chordata	Craniata	Actinopterygii	Actinopteri	Neopterygii	Teleostei	Otomorpha	Ostariophysi	Cypriniphysae	Cypriniformes	Cyprinoidei	Leuciscidae	Leuciscidae	Leuciscidae	Pogonichthyinae	Nocomis	Nocomis	unidentified Nocomis	unidentified Nocomis	unidentified Nocomis
otu_073	Eukaryota	Metazoa	Chordata	Craniata	Actinopterygii	Actinopteri	Neopterygii	Teleostei	Otomorpha	Ostariophysi	Cypriniphysae	Cypriniformes	Cyprinoidei	Acheilognathidae	Acheilognathidae	Acheilognathidae	Rhodeus	Rhodeus	Rhodeus	Rhodeus lighti	Rhodeus lighti	unidentified Rhodeus lighti
otu_074	Eukaryota	Metazoa	Chordata	Craniata	Actinopterygii	Actinopteri	Neopterygii	Teleostei	Otomorpha	Clupei	Clupeiformes	Clupeiformes	Clupeoidei	Clupeidae	Clupeidae	Clupeidae	Clupeinae	Sardinella	Sardinella	Sardinella longiceps	Sardinella longiceps	unidentified Sardinella longiceps
otu_075	Eukaryota	Metazoa	Chordata	Craniata	Actinopterygii	Actinopteri	Neopterygii	Teleostei	Euteleosteomorpha	Osmeriformes	Osmeriformes	Osmeriformes	Plecoglossidae	Plecoglossidae	Plecoglossidae	Plecoglossidae	Plecoglossus	Plecoglossus	Plecoglossus	Plecoglossus altivelis	Plecoglossus altivelis	unidentified Plecoglossus altivelis
otu_076	Eukaryota	Metazoa	Chordata	Craniata	Actinopterygii	Actinopteri	Neopterygii	Teleostei	Otomorpha	Ostariophysi	Cypriniphysae	Cypriniformes	Cyprinoidei	Cyprinidae	Cyprinidae	Cyprinidae	Cosmochilus	Cosmochilus	Cosmochilus	Cosmochilus harmandi	Cosmochilus harmandi	unidentified Cosmochilus harmandi
otu_077	Eukaryota	Metazoa	Chordata	Craniata	Actinopterygii	Actinopteri	Neopterygii	Teleostei	Otomorpha	Ostariophysi	Characiphysae	Siluriformes	Siluroidei	Ariidae	Ariidae	Ariidae	Bagre	Bagre	Bagre	Bagre panamensis	Bagre panamensis	unidentified Bagre panamensis
otu_078	Eukaryota	Metazoa	Chordata	Craniata	Actinopterygii	Actinopteri	Neopterygii	Teleostei	Euteleosteomorpha	Pleuronectiformes	Pleuronectiformes	Pleuronectiformes	Pleuronectoidei	Rhombosoleidae	Rhombosoleidae	Rhombosoleidae	Neoachiropsetta	Neoachiropsetta	Neoachiropsetta	Neoachiropsetta milfordi	Neoachiropsetta milfordi	unidentified Neoachiropsetta milfordi
otu_079	Eukaryota	Metazoa	Chordata	Craniata	Actinopterygii	Actinopteri	Neopterygii	Teleostei	Euteleosteomorpha	Lactariidae	Lactariidae	Lactariidae	Lactariidae	Lactariidae	Lactariidae	Lactariidae	Lactarius	Lactarius	Lactarius	Lactarius lactarius	Lactarius lactarius	unidentified Lactarius lactarius
otu_080	Eukaryota	Metazoa	Chordata	Craniata	Actinopterygii	Actinopteri	Neopterygii	Teleostei	Euteleosteomorpha	Atherinomorphae	Atherinomorphae	Beloniformes	Belonoidei	Belonidae	Belonidae	Belonidae	Cololabis	Cololabis	Cololabis	Cololabis saira	Cololabis saira	unidentified Cololabis saira
otu_081	Eukaryota	Metazoa	Chordata	Craniata	Actinopterygii	Actinopteri	Neopterygii	Teleostei	Otomorpha	Ostariophysi	Cypriniphysae	Cypriniformes	Cyprinoidei	Gobionidae	Gobionidae	Gobionidae	Sarcocheilichthyinae	Sarcocheilichthys	Sarcocheilichthys	Sarcocheilichthys parvus	Sarcocheilichthys parvus	unidentified Sarcocheilichthys parvus
otu_082	Eukaryota	Metazoa	Chordata	Craniata	Actinopterygii	Actinopteri	Neopterygii	Teleostei	Otomorpha	Ostariophysi	Cypriniphysae	Cypriniformes	Cyprinoidei	Cyprinidae	Cyprinidae	Cyprinidae	Labeoninae	Henicorhynchus	Henicorhynchus	Henicorhynchus siamensis	Henicorhynchus siamensis	unidentified Henicorhynchus siamensis
otu_083	Eukaryota	Metazoa	Chordata	Craniata	Actinopterygii	Actinopteri	Neopterygii	Teleostei	Otomorpha	Ostariophysi	Cypriniphysae	Cypriniformes	Cyprinoidei	Gobionidae	Gobionidae	Gobionidae	Gobioninae	Gobiobotia	Gobiobotia	Gobiobotia brevibarba	Gobiobotia brevibarba	unidentified Gobiobotia brevibarba
otu_084	Eukaryota	Metazoa	Chordata	Craniata	Actinopterygii	Actinopteri	Neopterygii	Teleostei	Otomorpha	Ostariophysi	Cypriniphysae	Cypriniformes	Cyprinoidei	Cyprinidae	Cyprinidae	Cyprinidae	Smiliogastrinae	Pethia	Pethia	Pethia stoliczkana	Pethia stoliczkana	unidentified Pethia stoliczkana
otu_085	Eukaryota	Metazoa	Chordata	Craniata	Actinopterygii	Actinopteri	Neopterygii	Teleostei	Otomorpha	Ostariophysi	Characiphysae	Siluriformes	Siluroidei	Ariidae	Ariidae	Ariidae	unidentified Ariidae	unidentified Ariidae	unidentified Ariidae	unidentified Ariidae	unidentified Ariidae	unidentified Ariidae
otu_086	Eukaryota	Metazoa	Chordata	Craniata	Actinopterygii	Actinopteri	Neopterygii	Teleostei	Anguilliformes	Anguilliformes	Anguilliformes	Anguilliformes	Nemichthyidae	Nemichthyidae	Nemichthyidae	Nemichthyidae	Nemichthys	Nemichthys	Nemichthys	Nemichthys scolopaceus	Nemichthys scolopaceus	unidentified Nemichthys scolopaceus
otu_087	Eukaryota	Metazoa	Chordata	Craniata	Actinopterygii	Actinopteri	Neopterygii	Teleostei	Euteleosteomorpha	Tetraodontiformes	Tetraodontiformes	Tetraodontiformes	Balistoidea	Balistoidea	Balistoidea	Monacanthidae	Paramonacanthus	Paramonacanthus	Paramonacanthus	unidentified Paramonacanthus	unidentified Paramonacanthus	unidentified Paramonacanthus
otu_088	Eukaryota	Metazoa	Chordata	Craniata	Actinopterygii	Actinopteri	Neopterygii	Teleostei	Euteleosteomorpha	Gobiiformes	Gobiiformes	Gobiiformes	Gobioidei	Gobiidae	Gobiidae	Gobiidae	Gobionellinae	Oxyurichthys	Oxyurichthys	Oxyurichthys formosanus	Oxyurichthys formosanus	unidentified Oxyurichthys formosanus
otu_089	Eukaryota	Metazoa	Chordata	Craniata	Actinopterygii	Actinopteri	Neopterygii	Teleostei	Otomorpha	Ostariophysi	Cypriniphysae	Cypriniformes	Cobitoidei	Vaillantellidae	Vaillantellidae	Vaillantellidae	Vaillantella	Vaillantella	Vaillantella	Vaillantella maassi	Vaillantella maassi	unidentified Vaillantella maassi
otu_090	Eukaryota	Metazoa	Chordata	Craniata	Actinopterygii	Actinopteri	Neopterygii	Teleostei	Euteleosteomorpha	Pomacanthidae	Pomacanthidae	Pomacanthidae	Pomacanthidae	Pomacanthidae	Pomacanthidae	Pomacanthidae	Centropyge	Centropyge	Centropyge	Centropyge multifasciata	Centropyge multifasciata	unidentified Centropyge multifasciata
otu_091	Eukaryota	Metazoa	Chordata	Craniata	Actinopterygii	Actinopteri	Neopterygii	Teleostei	Euteleosteomorpha	Pomacentridae	Pomacentridae	Pomacentridae	Pomacentridae	Pomacentridae	Pomacentridae	Pomacentridae	Abudefduf	Abudefduf	Abudefduf	Abudefduf bengalensis	Abudefduf bengalensis	unidentified Abudefduf bengalensis
otu_092	Eukaryota	Metazoa	Chordata	Craniata	Actinopterygii	Actinopteri	Neopterygii	Teleostei	Euteleosteomorpha	Scombriformes	Scombriformes	Scombriformes	Scombridae	Scombridae	Scombridae	Scombridae	Scombrinae	Scomberomorini	Scomberomorus	Scomberomorus niphonius	Scomberomorus niphonius	unidentified Scomberomorus niphonius
otu_093	Eukaryota	Metazoa	Chordata	Craniata	Actinopterygii	Actinopteri	Neopterygii	Teleostei	Otomorpha	Ostariophysi	Cypriniphysae	Cypriniformes	Cyprinoidei	Psilorhynchidae	Psilorhynchidae	Psilorhynchidae	Psilorhynchus	Psilorhynchus	Psilorhynchus	Psilorhynchus sucatio	Psilorhynchus sucatio	unidentified Psilorhynchus sucatio
otu_094	Eukaryota	Metazoa	Chordata	Craniata	Actinopterygii	Actinopteri	Neopterygii	Teleostei	Otomorpha	Ostariophysi	Characiphysae	Siluriformes	Siluroidei	Pangasiidae	Pangasiidae	Pangasiidae	Pangasianodon	Pangasianodon	Pangasianodon	Pangasianodon gigas	Pangasianodon gigas	unidentified Pangasianodon gigas
otu_095	Eukaryota	Metazoa	Chordata	Craniata	Actinopterygii	Actinopteri	Neopterygii	Teleostei	Euteleosteomorpha	Trachichthyiformes	Trachichthyiformes	Trachichthyiformes	Anoplogasteridae	Anoplogasteridae	Anoplogasteridae	Anoplogasteridae	Anoplogaster	Anoplogaster	Anoplogaster	Anoplogaster cornuta	Anoplogaster cornuta	unidentified Anoplogaster cornuta
otu_096	Eukaryota	Metazoa	Chordata	Craniata	Actinopterygii	Actinopteri	Neopterygii	Teleostei	Otomorpha	Ostariophysi	Cypriniphysae	Cypriniformes	Cobitoidei	Balitoridae	Balitoridae	Balitoridae	Homaloptera	Homaloptera	Homaloptera	Homaloptera ogilviei	Homaloptera ogilviei	unidentified Homaloptera ogilviei
otu_097	Eukaryota	Metazoa	Chordata	Craniata	Actinopterygii	Actinopteri	Neopterygii	Teleostei	Osteoglossiformes	Osteoglossiformes	Osteoglossiformes	Osteoglossiformes	Osteoglossidae	Osteoglossidae	Osteoglossidae	Osteoglossidae	Heterotis	Heterotis	Heterotis	Heterotis niloticus	Heterotis niloticus	unidentified Heterotis niloticus
otu_098	Eukaryota	Metazoa	Chordata	Craniata	Actinopterygii	Actinopteri	Neopterygii	Teleostei	Euteleosteomorpha	Pleuronectiformes	Pleuronectiformes	Pleuronectiformes	Pleuronectoidei	Paralichthyidae	Paralichthyidae	Paralichthyidae	Paralichthys	Paralichthys	Paralichthys	Paralichthys dentatus	Paralichthys dentatus	unidentified Paralichthys dentatus
otu_099	Eukaryota	Metazoa	Chordata	Craniata	Actinopterygii	Actinopteri	Neopterygii	Teleostei	Otomorpha	Ostariophysi	Cypriniphysae	Cypriniformes	Cyprinoidei	Leuciscidae	Leuciscidae	Leuciscidae	Pogonichthyinae	Notropis	Notropis	Notropis imeldae	Notropis imeldae	unidentified Notropis imeldae
otu_100	Eukaryota	Metazoa	Chordata	Craniata	Actinopterygii	Actinopteri	Neopterygii	Teleostei	Euteleosteomorpha	Atherinomorphae	Atherinomorphae	Beloniformes	Belonoidei	Hemiramphidae	Hemiramphidae	Hemiramphidae	Hyporhamphus	Hyporhamphus	Hyporhamphus	Hyporhamphus sajori	Hyporhamphus sajori	unidentified Hyporhamphus sajori
otu_101	Eukaryota	Metazoa	Chordata	Craniata	Actinopterygii	Actinopteri	Neopterygii	Teleostei	Euteleosteomorpha	Lophiiformes	Lophiiformes	Lophiiformes	Ceratioidei	Diceratiidae	Diceratiidae	Diceratiidae	Bufoceratias	Bufoceratias	Bufoceratias	Bufoceratias thele	Bufoceratias thele	unidentified Bufoceratias thele
otu_102	Eukaryota	Metazoa	Chordata	Craniata	Actinopterygii	Actinopteri	Neopterygii	Teleostei	Euteleosteomorpha	Cichlomorphae	Cichlomorphae	Cichliformes	Cichlidae	Cichlidae	Cichlidae	Cichlidae	Cichlasomatinae	Heroini	Symphysodon	Symphysodon aequifasciata	Symphysodon aequifasciata	unidentified Symphysodon aequifasciata
otu_103	Eukaryota	Metazoa	Chordata	Craniata	Actinopterygii	Actinopteri	Neopterygii	Teleostei	Euteleosteomorpha	Gobiiformes	Gobiiformes	Gobiiformes	Gobioidei	Gobiidae	Gobiidae	Gobiidae	Gobionellinae	Rhinogobius	Rhinogobius	unidentified Rhinogobius	unidentified Rhinogobius	unidentified Rhinogobius
otu_104	Eukaryota	Metazoa	Chordata	Craniata	Actinopterygii	Actinopteri	Neopterygii	Teleostei	Otomorpha	Ostariophysi	Characiphysae	Siluriformes	Siluroidei	Pseudopimelodidae	Pseudopimelodidae	Pseudopimelodidae	Lophiosilurus	Lophiosilurus	Lophiosilurus	Lophiosilurus alexandri	Lophiosilurus alexandri	unidentified Lophiosilurus alexandri
otu_105	Eukaryota	Metazoa	Chordata	Craniata	Actinopterygii	Actinopteri	Neopterygii	Teleostei	Otomorpha	Ostariophysi	Characiphysae	Characiformes	Characoidei	Bryconidae	Bryconidae	Bryconidae	Bryconinae	Brycon	Brycon	Brycon orbignyanus	Brycon orbignyanus	unidentified Brycon orbignyanus
otu_106	Eukaryota	Metazoa	Chordata	Craniata	Actinopterygii	Actinopteri	Neopterygii	Teleostei	Otomorpha	Ostariophysi	Cypriniphysae	Cypriniformes	Cyprinoidei	Danionidae	Danionidae	Danionidae	Chedrinae	Opsaridium	Opsaridium	Opsaridium ubangiense	Opsaridium ubangiense	unidentified Opsaridium ubangiense
otu_107	Eukaryota	Metazoa	Chordata	Craniata	Actinopterygii	Actinopteri	Neopterygii	Teleostei	Euteleosteomorpha	Perciformes	Perciformes	Perciformes	Serranoidei	Serranidae	Serranidae	Serranidae	Epinephelinae	Epinephelini	Cephalopholis	Cephalopholis boenak	Cephalopholis boenak	unidentified Cephalopholis boenak
otu_108	Eukaryota	Metazoa	Chordata	Craniata	Actinopterygii	Actinopteri	Neopterygii	Teleostei	Euteleosteomorpha	Lutjaniformes	Lutjaniformes	Lutjaniformes	Lutjanidae	Lutjanidae	Lutjanidae	Lutjanidae	Etelinae	Pristipomoides	Pristipomoides	Pristipomoides multidens	Pristipomoides multidens	unidentified Pristipomoides multidens
otu_109	Eukaryota	Metazoa	Chordata	Craniata	Actinopterygii	Actinopteri	Neopterygii	Teleostei	Otomorpha	Ostariophysi	Characiphysae	Siluriformes	Siluroidei	Pimelodidae	Pimelodidae	Pimelodidae	Pseudoplatystoma	Pseudoplatystoma	Pseudoplatystoma	Pseudoplatystoma corruscans	Pseudoplatystoma corruscans	unidentified Pseudoplatystoma corruscans
otu_110	Eukaryota	Metazoa	Chordata	Craniata	Actinopterygii	Actinopteri	Neopterygii	Teleostei	Otomorpha	Ostariophysi	Cypriniphysae	Cypriniformes	Cyprinoidei	Cyprinidae	Cyprinidae	Cyprinidae	Labeoninae	Henicorhynchus	Henicorhynchus	Henicorhynchus lineatus	Henicorhynchus lineatus	unidentified Henicorhynchus lineatus
otu_111	Eukaryota	Metazoa	Chordata	Craniata	Actinopterygii	Actinopteri	Neopterygii	Teleostei	Otomorpha	Ostariophysi	Characiphysae	Siluriformes	Siluroidei	Ailiidae	Ailiidae	Ailiidae	Ailia	Ailia	Ailia	Ailia coila	Ailia coila	unidentified Ailia coila
otu_112	Eukaryota	Metazoa	Chordata	Craniata	Actinopterygii	Actinopteri	Neopterygii	Teleostei	Euteleosteomorpha	Tetraodontiformes	Tetraodontiformes	Tetraodontiformes	Ostracioidea	Ostracioidea	Ostracioidea	Ostraciidae	Ostracion	Ostracion	Ostracion	unidentified Ostracion	unidentified Ostracion	unidentified Ostracion
otu_113	Eukaryota	Metazoa	Chordata	Craniata	Actinopterygii	Actinopteri	Neopterygii	Teleostei	Euteleosteomorpha	Centrarchiformes	Centrarchiformes	Centrarchiformes	Centrarchoidei	Centrarchoidei	Centrarchoidei	Centrarchidae	Lepomis	Lepomis	Lepomis	Lepomis gibbosus	Lepomis gibbosus	unidentified Lepomis gibbosus
otu_114	Eukaryota	Metazoa	Chordata	Craniata	Actinopterygii	Actinopteri	Neopterygii	Teleostei	Euteleosteomorpha	Perciformes	Perciformes	Perciformes	Serranoidei	Serranidae	Serranidae	Serranidae	Epinephelinae	Epinephelini	Cephalopholis	Cephalopholis sexmaculata	Cephalopholis sexmaculata	unidentified Cephalopholis sexmaculata
otu_115	Eukaryota	Metazoa	Chordata	Craniata	Actinopterygii	Actinopteri	Neopterygii	Teleostei	Otomorpha	Ostariophysi	Cypriniphysae	Cypriniformes	Cyprinoidei	Leuciscidae	Leuciscidae	Leuciscidae	Pogonichthyinae	Tampichthys	Tampichthys	Tampichthys ipni	Tampichthys ipni	unidentified Tampichthys ipni
otu_116	Eukaryota	Metazoa	Chordata	Craniata	Actinopterygii	Actinopteri	Neopterygii	Teleostei	Euteleosteomorpha	Pleuronectiformes	Pleuronectiformes	Pleuronectiformes	Pleuronectoidei	Bothidae	Bothidae	Bothidae	Asterorhombus	Asterorhombus	Asterorhombus	Asterorhombus intermedius	Asterorhombus intermedius	unidentified Asterorhombus intermedius
otu_117	Eukaryota	Metazoa	Chordata	Craniata	Actinopterygii	Actinopteri	Neopterygii	Teleostei	Otomorpha	Ostariophysi	Cypriniphysae	Cypriniformes	Cyprinoidei	Danionidae	Danionidae	Danionidae	Danioninae	Microdevario	Microdevario	Microdevario nana	Microdevario nana	unidentified Microdevario nana
otu_118	Eukaryota	Metazoa	Chordata	Craniata	Actinopterygii	Actinopteri	Neopterygii	Teleostei	Euteleosteomorpha	Scombriformes	Scombriformes	Scombriformes	Scombridae	Scombridae	Scombridae	Scombridae	Scombrinae	Scomberomorini	Scomberomorus	unidentified Scomberomorus	unidentified Scomberomorus	unidentified Scomberomorus
otu_119	Eukaryota	Metazoa	Chordata	Craniata	Actinopterygii	Actinopteri	Neopterygii	Teleostei	Euteleosteomorpha	Sciaenidae	Sciaenidae	Sciaenidae	Sciaenidae	Sciaenidae	Sciaenidae	Sciaenidae	Pennahia	Pennahia	Pennahia	Pennahia argentata	Pennahia argentata	unidentified Pennahia argentata
otu_120	Eukaryota	Metazoa	Chordata	Craniata	Actinopterygii	Actinopteri	Neopterygii	Teleostei	Euteleosteomorpha	Perciformes	Perciformes	Perciformes	Triglioidei	Peristediidae	Peristediidae	Peristediidae	Scalicus	Scalicus	Scalicus	Scalicus amiscus	Scalicus amiscus	unidentified Scalicus amiscus
otu_121	Eukaryota	Metazoa	Chordata	Craniata	Actinopterygii	Actinopteri	Neopterygii	Teleostei	Otomorpha	Ostariophysi	Characiphysae	Characiformes	Characoidei	Acestrorhynchidae	Acestrorhynchidae	Acestrorhynchidae	Acestrorhynchus	Acestrorhynchus	Acestrorhynchus	Acestrorhynchus sp. NM-2010	Acestrorhynchus sp. NM-2010	unidentified Acestrorhynchus sp. NM-2010
otu_122	Eukaryota	Metazoa	Chordata	Craniata	Actinopterygii	Actinopteri	Neopterygii	Teleostei	Otomorpha	Ostariophysi	Cypriniphysae	Cypriniformes	Cyprinoidei	Gobionidae	Gobionidae	Gobionidae	Sarcocheilichthyinae	Pseudorasbora	Pseudorasbora	Pseudorasbora elongata	Pseudorasbora elongata	unidentified Pseudorasbora elongata
otu_123	Eukaryota	Metazoa	Chordata	Craniata	Actinopterygii	Actinopteri	Neopterygii	Teleostei	Otomorpha	Clupei	Clupeiformes	Clupeiformes	Clupeoidei	Clupeidae	Clupeidae	Clupeidae	Dorosomatinae	Nematalosa	Nematalosa	Nematalosa erebi	Nematalosa erebi	unidentified Nematalosa erebi
otu_124	Eukaryota	Metazoa	Chordata	Craniata	Actinopterygii	Actinopteri	Neopterygii	Teleostei	Otomorpha	Ostariophysi	Cypriniphysae	Cypriniformes	Cyprinoidei	Cyprinidae	Cyprinidae	Cyprinidae	Smiliogastrinae	Puntigrus	Puntigrus	Puntigrus partipentazona	Puntigrus partipentazona	unidentified Puntigrus partipentazona
otu_125	Eukaryota	Metazoa	Chordata	Craniata	Actinopterygii	Actinopteri	Neopterygii	Teleostei	Euteleosteomorpha	Gobiiformes	Gobiiformes	Gobiiformes	Gobioidei	Rhyacichthyidae	Rhyacichthyidae	Rhyacichthyidae	Rhyacichthys	Rhyacichthys	Rhyacichthys	Rhyacichthys aspro	Rhyacichthys aspro	unidentified Rhyacichthys aspro
otu_126	Eukaryota	Metazoa	Chordata	Craniata	Actinopterygii	Actinopteri	Neopterygii	Teleostei	Euteleosteomorpha	Holocentriformes	Holocentriformes	Holocentriformes	Holocentridae	Holocentridae	Holocentridae	Holocentridae	Myripristinae	Myripristis	Myripristis	unidentified Myripristis	unidentified Myripristis	unidentified Myripristis
otu_127	Eukaryota	Metazoa	Chordata	Craniata	Actinopterygii	Actinopteri	Neopterygii	Teleostei	Euteleosteomorpha	Embiotocidae	Embiotocidae	Embiotocidae	Embiotocidae	Embiotocidae	Embiotocidae	Embiotocidae	Ditrema	Ditrema	Ditrema	unidentified Ditrema	unidentified Ditrema	unidentified Ditrema
otu_128	Eukaryota	Metazoa	Chordata	Craniata	Actinopterygii	Actinopteri	Neopterygii	Teleostei	Euteleosteomorpha	Atherinomorphae	Atherinomorphae	Cyprinodontiformes	Cyprinodontoidei	Goodeidae	Goodeidae	Goodeidae	Xenotoca	Xenotoca	Xenotoca	Xenotoca eiseni	Xenotoca eiseni	unidentified Xenotoca eiseni
otu_129	Eukaryota	Metazoa	Chordata	Craniata	Actinopterygii	Actinopteri	Neopterygii	Teleostei	Euteleosteomorpha	Pempheriformes	Pempheriformes	Pempheriformes	Percophidae	Percophidae	Percophidae	Percophidae	Hemerocoetinae	Acanthaphritis	Acanthaphritis	unidentified Acanthaphritis	unidentified Acanthaphritis	unidentified Acanthaphritis
otu_130	Eukaryota	Metazoa	Chordata	Craniata	Actinopterygii	Actinopteri	Neopterygii	Teleostei	Euteleosteomorpha	Cichlomorphae	Cichlomorphae	Cichliformes	Cichlidae	Cichlidae	Cichlidae	Cichlidae	Pseudocrenilabrinae	Haplochromini	Pundamilia	Pundamilia nyererei	Pundamilia nyererei	unidentified Pundamilia nyererei
otu_131	Eukaryota	Metazoa	Chordata	Craniata	Actinopterygii	Actinopteri	Neopterygii	Teleostei	Otomorpha	Ostariophysi	Cypriniphysae	Cypriniformes	Cobitoidei	Botiidae	Botiidae	Botiidae	Ambastaia	Ambastaia	Ambastaia	unidentified Ambastaia	unidentified Ambastaia	unidentified Ambastaia
otu_132	Eukaryota	Metazoa	Chordata	Craniata	Actinopterygii	Actinopteri	Neopterygii	Teleostei	Euteleosteomorpha	Gobiiformes	Gobiiformes	Gobiiformes	Eleotroidei	Eleotridae	Eleotridae	Eleotridae	Eleotrinae	Eleotris	Eleotris	Eleotris oxycephala	Eleotris oxycephala	unidentified Eleotris oxycephala
otu_133	Eukaryota	Metazoa	Chordata	Craniata	Actinopterygii	Actinopteri	Neopterygii	Teleostei	Anguilliformes	Anguilliformes	Anguilliformes	Anguilliformes	Muraenidae	Muraenidae	Muraenidae	Muraenidae	Muraeninae	Gymnomuraena	Gymnomuraena	Gymnomuraena zebra	Gymnomuraena zebra	unidentified Gymnomuraena zebra
otu_134	Eukaryota	Metazoa	Chordata	Craniata	Actinopterygii	Actinopteri	Neopterygii	Teleostei	Otomorpha	Ostariophysi	Cypriniphysae	Cypriniformes	Cyprinoidei	Cyprinidae	Cyprinidae	Cyprinidae	Labeoninae	Parasinilabeo	Parasinilabeo	Parasinilabeo assimilis	Parasinilabeo assimilis	unidentified Parasinilabeo assimilis
otu_135	Eukaryota	Metazoa	Chordata	Craniata	Actinopterygii	Actinopteri	Neopterygii	Teleostei	Euteleosteomorpha	Gobiiformes	Gobiiformes	Gobiiformes	Gobioidei	Gobiidae	Gobiidae	Gobiidae	Gobionellinae	Eucyclogobius	Eucyclogobius	Eucyclogobius newberryi	Eucyclogobius newberryi	unidentified Eucyclogobius newberryi
otu_136	Eukaryota	Metazoa	Chordata	Craniata	Actinopterygii	Actinopteri	Neopterygii	Teleostei	Otomorpha	Ostariophysi	Cypriniphysae	Cypriniformes	Cobitoidei	Nemacheilidae	Nemacheilidae	Nemacheilidae	Triplophysa	Triplophysa	Triplophysa	Triplophysa yarkandensis	Triplophysa yarkandensis	unidentified Triplophysa yarkandensis
otu_137	Eukaryota	Metazoa	Chordata	Craniata	Actinopterygii	Actinopteri	Neopterygii	Teleostei	Otomorpha	Ostariophysi	Cypriniphysae	Cypriniformes	Cyprinoidei	Gobionidae	Gobionidae	Gobionidae	Sarcocheilichthyinae	Pseudorasbora	Pseudorasbora	unidentified Pseudorasbora	unidentified Pseudorasbora	unidentified Pseudorasbora
otu_138	Eukaryota	Metazoa	Chordata	Craniata	Actinopterygii	Actinopteri	Neopterygii	Teleostei	Otomorpha	Ostariophysi	Characiphysae	Siluriformes	Siluroidei	Ictaluridae	Ictaluridae	Ictaluridae	Noturus	Noturus	Noturus	Noturus taylori	Noturus taylori	unidentified Noturus taylori
otu_139	Eukaryota	Metazoa	Chordata	Craniata	Actinopterygii	Actinopteri	Neopterygii	Teleostei	Otomorpha	Ostariophysi	Cypriniphysae	Cypriniformes	Cobitoidei	Nemacheilidae	Nemacheilidae	Nemacheilidae	Petruichthys	Petruichthys	Petruichthys	Petruichthys brevis	Petruichthys brevis	unidentified Petruichthys brevis
otu_140	Eukaryota	Metazoa	Chordata	Craniata	Actinopterygii	Actinopteri	Neopterygii	Teleostei	Otomorpha	Ostariophysi	Cypriniphysae	Cypriniformes	Cobitoidei	Gastromyzontidae	Gastromyzontidae	Gastromyzontidae	unidentified Gastromyzontidae	unidentified Gastromyzontidae	unidentified Gastromyzontidae	unidentified Gastromyzontidae	unidentified Gastromyzontidae	unidentified Gastromyzontidae
otu_141	Eukaryota	Metazoa	Chordata	Craniata	Actinopterygii	Actinopteri	Neopterygii	Teleostei	Euteleosteomorpha	Tetraodontiformes	Tetraodontiformes	Tetraodontiformes	Balistoidea	Balistoidea	Balistoidea	unidentified Balistoidea	unidentified Balistoidea	unidentified Balistoidea	unidentified Balistoidea	unidentified Balistoidea	unidentified Balistoidea	unidentified Balistoidea
otu_142	Eukaryota	Metazoa	Chordata	Craniata	Actinopterygii	Actinopteri	Neopterygii	Teleostei	Anguilliformes	Anguilliformes	Anguilliformes	Anguilliformes	Myrocongridae	Myrocongridae	Myrocongridae	Myrocongridae	Myroconger	Myroconger	Myroconger	Myroconger compressus	Myroconger compressus	unidentified Myroconger compressus
otu_143	Eukaryota	Metazoa	Chordata	Craniata	Actinopterygii	Actinopteri	Neopterygii	Teleostei	Euteleosteomorpha	Carangiformes	Carangiformes	Carangiformes	Carangidae	Carangidae	Carangidae	Carangidae	unidentified Carangidae	unidentified Carangidae	unidentified Carangidae	unidentified Carangidae	unidentified Carangidae	unidentified Carangidae
otu_144	Eukaryota	Metazoa	Chordata	Craniata	Actinopterygii	Actinopteri	Neopterygii	Teleostei	Euteleosteomorpha	Atherinomorphae	Atherinomorphae	Cyprinodontiformes	Aplocheiloidei	Nothobranchiidae	Nothobranchiidae	Nothobranchiidae	Aphyosemion	Aphyosemion	Aphyosemion	Aphyosemion kouamense	Aphyosemion kouamense	unidentified Aphyosemion kouamense
otu_145	Eukaryota	Metazoa	Chordata	Craniata	Actinopterygii	Actinopteri	Neopterygii	Teleostei	Euteleosteomorpha	Lophiiformes	Lophiiformes	Lophiiformes	Ceratioidei	Linophrynidae	Linophrynidae	Linophrynidae	Haplophryne	Haplophryne	Haplophryne	Haplophryne mollis	Haplophryne mollis	unidentified Haplophryne mollis
otu_146	Eukaryota	Metazoa	Chordata	Craniata	Actinopterygii	Actinopteri	Neopterygii	Teleostei	Otomorpha	Clupei	Clupeiformes	Clupeiformes	Clupeoidei	Engraulidae	Engraulidae	Engraulidae	Engraulinae	Engraulis	Engraulis	Engraulis mordax	Engraulis mordax	unidentified Engraulis mordax
otu_147	Eukaryota	Metazoa	Chordata	Craniata	Actinopterygii	Actinopteri	Neopterygii	Teleostei	Euteleosteomorpha	Cichlomorphae	Cichlomorphae	Cichliformes	Cichlidae	Cichlidae	Cichlidae	Cichlidae	Cichlasomatinae	Cichlasomatini	Andinoacara	Andinoacara pulcher	Andinoacara pulcher	unidentified Andinoacara pulcher
otu_148	Eukaryota	Metazoa	Chordata	Craniata	Actinopterygii	Actinopteri	Neopterygii	Teleostei	Euteleosteomorpha	Mugiliformes	Mugiliformes	Mugiliformes	Mugilidae	Mugilidae	Mugilidae	Mugilidae	Squalomugil	Squalomugil	Squalomugil	Squalomugil nasutus	Squalomugil nasutus	unidentified Squalomugil nasutus
otu_149	Eukaryota	Metazoa	Chordata	Craniata	Actinopterygii	Actinopteri	Neopterygii	Teleostei	Otomorpha	Ostariophysi	Cypriniphysae	Cypriniformes	Cobitoidei	Nemacheilidae	Nemacheilidae	Nemacheilidae	Triplophysa	Triplophysa	Triplophysa	Triplophysa dorsalis	Triplophysa dorsalis	unidentified Triplophysa dorsalis
otu_150	Eukaryota	Metazoa	Chordata	Craniata	Actinopterygii	Actinopteri	Neopterygii	Teleostei	Otomorpha	Ostariophysi	Gonorynchiformes	Gonorynchiformes	Gonorynchoidei	Gonorynchidae	Gonorynchidae	Gonorynchidae	Gonorynchus	Gonorynchus	Gonorynchus	Gonorynchus abbreviatus	Gonorynchus abbreviatus	unidentified Gonorynchus abbreviatus
otu_151	Eukaryota	Metazoa	Chordata	Craniata	Actinopterygii	Actinopteri	Neopterygii	Teleostei	Euteleosteomorpha	Lophiiformes	Lophiiformes	Lophiiformes	Ceratioidei	Neoceratiidae	Neoceratiidae	Neoceratiidae	Neoceratias	Neoceratias	Neoceratias	Neoceratias spinifer	Neoceratias spinifer	unidentified Neoceratias spinifer
otu_152	Eukaryota	Metazoa	Chordata	Craniata	Actinopterygii	Actinopteri	Neopterygii	Teleostei	Euteleosteomorpha	Syngnathiformes	Syngnathiformes	Syngnathiformes	Dactylopteroidei	Dactylopteridae	Dactylopteridae	Dactylopteridae	Dactyloptena	Dactyloptena	Dactyloptena	Dactyloptena tiltoni	Dactyloptena tiltoni	unidentified Dactyloptena tiltoni
otu_153	Eukaryota	Metazoa	Chordata	Craniata	Actinopterygii	Actinopteri	Neopterygii	Teleostei	Otomorpha	Ostariophysi	Cypriniphysae	Cypriniformes	Cyprinoidei	Danionidae	Danionidae	Danionidae	Chedrinae	Barilius	Barilius	Barilius bendelisis	Barilius bendelisis	unidentified Barilius bendelisis
otu_154	Eukaryota	Metazoa	Chordata	Craniata	Actinopterygii	Actinopteri	Neopterygii	Teleostei	Euteleosteomorpha	Argentiniformes	Argentiniformes	Argentiniformes	Argentinidae	Argentinidae	Argentinidae	Argentinidae	Glossanodon	Glossanodon	Glossanodon	Glossanodon semifasciatus	Glossanodon semifasciatus	unidentified Glossanodon semifasciatus
otu_155	Eukaryota	Metazoa	Chordata	Craniata	Actinopterygii	Actinopteri	Neopterygii	Teleostei	Euteleosteomorpha	Perciformes	Perciformes	Perciformes	Cottioidei	Gasterosteales	Gasterosteidae	Gasterosteidae	Spinachia	Spinachia	Spinachia	Spinachia spinachia	Spinachia spinachia	unidentified Spinachia spinachia
otu_156	Eukaryota	Metazoa	Chordata	Craniata	Actinopterygii	Actinopteri	Neopterygii	Teleostei	Euteleosteomorpha	Gobiiformes	Gobiiformes	Gobiiformes	Gobioidei	Gobiidae	Gobiidae	Gobiidae	Gobionellinae	Tridentiger	Tridentiger	Tridentiger barbatus	Tridentiger barbatus	unidentified Tridentiger barbatus
otu_157	Eukaryota	Metazoa	Chordata	Craniata	Actinopterygii	Actinopteri	Neopterygii	Teleostei	Euteleosteomorpha	Gobiiformes	Gobiiformes	Gobiiformes	Gobioidei	Gobiidae	Gobiidae	Gobiidae	Oxudercinae	Scartelaos	Scartelaos	Scartelaos gigas	Scartelaos gigas	unidentified Scartelaos gigas
otu_158	Eukaryota	Metazoa	Chordata	Craniata	Actinopterygii	Actinopteri	Neopterygii	Teleostei	Otomorpha	Ostariophysi	Characiphysae	Siluriformes	Siluroidei	Pangasiidae	Pangasiidae	Pangasiidae	Pangasius	Pangasius	Pangasius	Pangasius pangasius	Pangasius pangasius	unidentified Pangasius pangasius
otu_159	Eukaryota	Metazoa	Chordata	Craniata	Actinopterygii	Actinopteri	Neopterygii	Teleostei	Euteleosteomorpha	Atherinomorphae	Atherinomorphae	Cyprinodontiformes	Aplocheiloidei	Aplocheilidae	Aplocheilidae	Aplocheilidae	Pachypanchax	Pachypanchax	Pachypanchax	Pachypanchax playfairii	Pachypanchax playfairii	unidentified Pachypanchax playfairii
otu_160	Eukaryota	Metazoa	Chordata	Craniata	Actinopterygii	Actinopteri	Neopterygii	Teleostei	Euteleosteomorpha	Centrarchiformes	Centrarchiformes	Centrarchiformes	Terapontoidei	Terapontoidei	Terapontoidei	Terapontidae	Leiopotherapon	Leiopotherapon	Leiopotherapon	Leiopotherapon unicolor	Leiopotherapon unicolor	unidentified Leiopotherapon unicolor
otu_161	Eukaryota	Metazoa	Chordata	Craniata	Actinopterygii	Actinopteri	Neopterygii	Teleostei	Otomorpha	Ostariophysi	Characiphysae	Characiformes	Characoidei	Chalceidae	Chalceidae	Chalceidae	Chalceus	Chalceus	Chalceus	Chalceus macrolepidotus	Chalceus macrolepidotus	unidentified Chalceus macrolepidotus
otu_162	Eukaryota	Metazoa	Chordata	Craniata	Actinopterygii	Actinopteri	Neopterygii	Teleostei	Notacanthiformes	Notacanthiformes	Notacanthiformes	Notacanthiformes	Halosauridae	Halosauridae	Halosauridae	Halosauridae	Aldrovandia	Aldrovandia	Aldrovandia	Aldrovandia affinis	Aldrovandia affinis	unidentified Aldrovandia affinis
otu_163	Eukaryota	Metazoa	Chordata	Craniata	Actinopterygii	Actinopteri	Neopterygii	Teleostei	Euteleosteomorpha	Cichlomorphae	Cichlomorphae	Cichliformes	Cichlidae	Cichlidae	Cichlidae	Cichlidae	Pseudocrenilabrinae	Haplochromini	Copadichromis	Copadichromis trimaculatus	Copadichromis trimaculatus	unidentified Copadichromis trimaculatus
otu_164	Eukaryota	Metazoa	Chordata	Craniata	Actinopterygii	Actinopteri	Neopterygii	Teleostei	Otomorpha	Ostariophysi	Cypriniphysae	Cypriniformes	Cyprinoidei	Danionidae	Danionidae	Danionidae	Rasborinae	Trigonostigma	Trigonostigma	Trigonostigma espei	Trigonostigma espei	unidentified Trigonostigma espei
otu_165	Eukaryota	Metazoa	Chordata	Craniata	Actinopterygii	Actinopteri	Neopterygii	Teleostei	Euteleosteomorpha	Tetraodontiformes	Tetraodontiformes	Tetraodontiformes	Balistoidea	Balistoidea	Balistoidea	Monacanthidae	Acreichthys	Acreichthys	Acreichthys	unidentified Acreichthys	unidentified Acreichthys	unidentified Acreichthys
otu_166	Eukaryota	Metazoa	Chordata	Craniata	Actinopterygii	Actinopteri	Neopterygii	Teleostei	Otomorpha	Clupei	Clupeiformes	Clupeiformes	Clupeoidei	Engraulidae	Engraulidae	Engraulidae	Coilinae	Thryssa	Thryssa	unidentified Thryssa	unidentified Thryssa	unidentified Thryssa
otu_167	Eukaryota	Metazoa	Chordata	Craniata	Actinopterygii	Actinopteri	Neopterygii	Teleostei	Euteleosteomorpha	Syngnathiformes	Syngnathiformes	Syngnathiformes	Syngnathoidei	Syngnathidae	Syngnathidae	Syngnathidae	Syngnathinae	Syngnathoides	Syngnathoides	Syngnathoides biaculeatus	Syngnathoides biaculeatus	unidentified Syngnathoides biaculeatus
otu_168	Eukaryota	Metazoa	Chordata	Craniata	Actinopterygii	Actinopteri	Neopterygii	Teleostei	Euteleosteomorpha	Syngnathiformes	Syngnathiformes	Syngnathiformes	Syngnathoidei	Pegasidae	Pegasidae	Pegasidae	Eurypegasus	Eurypegasus	Eurypegasus	Eurypegasus draconis	Eurypegasus draconis	unidentified Eurypegasus draconis
otu_169	Eukaryota	Metazoa	Chordata	Craniata	Actinopterygii	Actinopteri	Neopterygii	Teleostei	Euteleosteomorpha	Gobiiformes	Gobiiformes	Gobiiformes	Gobioidei	Gobiidae	Gobiidae	Gobiidae	Gobionellinae	Chaenogobius	Chaenogobius	Chaenogobius gulosus	Chaenogobius gulosus	unidentified Chaenogobius gulosus
otu_170	Eukaryota	Metazoa	Chordata	Craniata	Actinopterygii	Actinopteri	Neopterygii	Teleostei	Euteleosteomorpha	Tetraodontiformes	Tetraodontiformes	Tetraodontiformes	Tetraodontoidei	Tetradontoidea	Tetradontoidea	Tetraodontidae	Lagocephalus	Lagocephalus	Lagocephalus	unidentified Lagocephalus	unidentified Lagocephalus	unidentified Lagocephalus
otu_171	Eukaryota	Metazoa	Chordata	Craniata	Actinopterygii	Actinopteri	Neopterygii	Teleostei	Euteleosteomorpha	Priacanthiformes	Priacanthiformes	Priacanthiformes	Priacanthidae	Priacanthidae	Priacanthidae	Priacanthidae	Priacanthus	Priacanthus	Priacanthus	Priacanthus tayenus	Priacanthus tayenus	unidentified Priacanthus tayenus
otu_172	Eukaryota	Metazoa	Chordata	Craniata	Actinopterygii	Actinopteri	Neopterygii	Teleostei	Euteleosteomorpha	Perciformes	Perciformes	Perciformes	Serranoidei	Serranidae	Serranidae	Serranidae	Epinephelinae	Epinephelini	Plectropomus	Plectropomus areolatus	Plectropomus areolatus	unidentified Plectropomus areolatus
otu_173	Eukaryota	Metazoa	Chordata	Craniata	Actinopterygii	Actinopteri	Neopterygii	Teleostei	Otomorpha	Ostariophysi	Cypriniphysae	Cypriniformes	Cyprinoidei	Cyprinidae	Cyprinidae	Cyprinidae	Smiliogastrinae	Enteromius	Enteromius	Enteromius pobeguini	Enteromius pobeguini	unidentified Enteromius pobeguini
otu_174	Eukaryota	Metazoa	Chordata	Craniata	Actinopterygii	Actinopteri	Neopterygii	Teleostei	Euteleosteomorpha	Gobiiformes	Gobiiformes	Gobiiformes	Gobioidei	Gobiidae	Gobiidae	Gobiidae	Amblyopinae	Paratrypauchen	Paratrypauchen	Paratrypauchen microcephalus	Paratrypauchen microcephalus	unidentified Paratrypauchen microcephalus
otu_175	Eukaryota	Metazoa	Chordata	Craniata	Actinopterygii	Actinopteri	Neopterygii	Teleostei	Otomorpha	Ostariophysi	Cypriniphysae	Cypriniformes	Cyprinoidei	Acheilognathidae	Acheilognathidae	Acheilognathidae	Acheilognathus	Acheilognathus	Acheilognathus	Acheilognathus meridianus	Acheilognathus meridianus	unidentified Acheilognathus meridianus
otu_176	Eukaryota	Metazoa	Chordata	Craniata	Actinopterygii	Actinopteri	Neopterygii	Teleostei	Euteleosteomorpha	Centrarchiformes	Centrarchiformes	Centrarchiformes	Cirrhitioidei	Cirrhitioidei	Cirrhitioidei	Cirrhitidae	Paracirrhites	Paracirrhites	Paracirrhites	Paracirrhites arcatus	Paracirrhites arcatus	unidentified Paracirrhites arcatus
otu_177	Eukaryota	Metazoa	Chordata	Craniata	Actinopterygii	Actinopteri	Neopterygii	Teleostei	Otomorpha	Ostariophysi	Cypriniphysae	Cypriniformes	Cyprinoidei	Acheilognathidae	Acheilognathidae	Acheilognathidae	Rhodeus	Rhodeus	Rhodeus	unidentified Rhodeus	unidentified Rhodeus	unidentified Rhodeus
otu_178	Eukaryota	Metazoa	Chordata	Craniata	Actinopterygii	Actinopteri	Neopterygii	Teleostei	Anguilliformes	Anguilliformes	Anguilliformes	Anguilliformes	Serrivomeridae	Serrivomeridae	Serrivomeridae	Serrivomeridae	Serrivomer	Serrivomer	Serrivomer	Serrivomer beanii	Serrivomer beanii	unidentified Serrivomer beanii
otu_179	Eukaryota	Metazoa	Chordata	Craniata	Actinopterygii	Actinopteri	Neopterygii	Teleostei	Otomorpha	Clupei	Clupeiformes	Clupeiformes	Clupeoidei	Clupeidae	Clupeidae	Clupeidae	Alosinae	Tenualosa	Tenualosa	Tenualosa toli	Tenualosa toli	unidentified Tenualosa toli
otu_180	Eukaryota	Metazoa	Chordata	Craniata	Actinopterygii	Actinopteri	Neopterygii	Teleostei	Euteleosteomorpha	Syngnathiformes	Syngnathiformes	Syngnathiformes	Callionymoidei	Callionymidae	Callionymidae	Callionymidae	Synchiropus	Synchiropus	Synchiropus	Synchiropus splendidus	Synchiropus splendidus	unidentified Synchiropus splendidus
otu_181	Eukaryota	Metazoa	Chordata	Craniata	Actinopterygii	Actinopteri	Neopterygii	Teleostei	Euteleosteomorpha	Pempheriformes	Pempheriformes	Pempheriformes	Lateolabracidae	Lateolabracidae	Lateolabracidae	Lateolabracidae	Lateolabrax	Lateolabrax	Lateolabrax	Lateolabrax latus	Lateolabrax latus	unidentified Lateolabrax latus
otu_182	Eukaryota	Metazoa	Chordata	Craniata	Actinopterygii	Actinopteri	Neopterygii	Teleostei	Euteleosteomorpha	Ophidiiformes	Ophidiiformes	Ophidiiformes	Ophidioidei	Carapidae	Carapidae	Carapidae	Carapinae	Carapus	Carapus	Carapus bermudensis	Carapus bermudensis	unidentified Carapus bermudensis
otu_183	Eukaryota	Metazoa	Chordata	Craniata	Actinopterygii	Actinopteri	Neopterygii	Teleostei	Euteleosteomorpha	Pleuronectiformes	Pleuronectiformes	Pleuronectiformes	Psettodoidei	Psettodidae	Psettodidae	Psettodidae	Psettodes	Psettodes	Psettodes	unidentified Psettodes	unidentified Psettodes	unidentified Psettodes
otu_184	Eukaryota	Metazoa	Chordata	Craniata	Sarcopterygii	Coelacanthimorpha	Coelacanthiformes	Coelacanthiformes	Coelacanthiformes	Coelacanthiformes	Coelacanthiformes	Coelacanthiformes	Coelacanthidae	Coelacanthidae	Coelacanthidae	Coelacanthidae	Latimeria	Latimeria	Latimeria	Latimeria chalumnae	Latimeria chalumnae	unidentified Latimeria chalumnae
otu_185	Eukaryota	Metazoa	Chordata	Craniata	Actinopterygii	Actinopteri	Neopterygii	Teleostei	Euteleosteomorpha	Scombriformes	Scombriformes	Scombriformes	Stromateidae	Stromateidae	Stromateidae	Stromateidae	Pampus	Pampus	Pampus	unidentified Pampus	unidentified Pampus	unidentified Pampus
otu_186	Eukaryota	Metazoa	Chordata	Craniata	Actinopterygii	Actinopteri	Neopterygii	Teleostei	Euteleosteomorpha	Centrarchiformes	Centrarchiformes	Centrarchiformes	Percichthyoidei	Percichthyoidei	Percichthyoidei	Percichthyidae	Nannoperca	Nannoperca	Nannoperca	Nannoperca australis	Nannoperca australis	unidentified Nannoperca australis
otu_187	Eukaryota	Metazoa	Chordata	Craniata	Actinopterygii	Actinopteri	Neopterygii	Teleostei	Euteleosteomorpha	Anabantiformes	Anabantiformes	Anabantiformes	Anabantoidei	Helostomatidae	Helostomatidae	Helostomatidae	Helostoma	Helostoma	Helostoma	Helostoma temminkii	Helostoma temminkii	unidentified Helostoma temminkii
otu_188	Eukaryota	Metazoa	Chordata	Craniata	Actinopterygii	Actinopteri	Neopterygii	Teleostei	Euteleosteomorpha	Ophidiiformes	Ophidiiformes	Ophidiiformes	Ophidioidei	Ophidiidae	Ophidiidae	Ophidiidae	Neobythitinae	Lamprogrammus	Lamprogrammus	Lamprogrammus niger	Lamprogrammus niger	unidentified Lamprogrammus niger
otu_189	Eukaryota	Metazoa	Chordata	Craniata	Actinopterygii	Actinopteri	Neopterygii	Teleostei	Euteleosteomorpha	Sillaginidae	Sillaginidae	Sillaginidae	Sillaginidae	Sillaginidae	Sillaginidae	Sillaginidae	Sillago	Sillago	Sillago	Sillago japonica	Sillago japonica	unidentified Sillago japonica
otu_190	Eukaryota	Metazoa	Chordata	Craniata	Actinopterygii	Actinopteri	Neopterygii	Teleostei	Otomorpha	Ostariophysi	Cypriniphysae	Cypriniformes	Cyprinoidei	Gobionidae	Gobionidae	Gobionidae	Gobioninae	Gobiobotia	Gobiobotia	Gobiobotia macrocephala	Gobiobotia macrocephala	unidentified Gobiobotia macrocephala
otu_191	Eukaryota	Metazoa	Chordata	Craniata	Actinopterygii	Actinopteri	Neopterygii	Teleostei	Otomorpha	Ostariophysi	Cypriniphysae	Cypriniformes	Cyprinoidei	Cyprinidae	Cyprinidae	Cyprinidae	Schizopygopsinae	unidentified Schizopygopsinae	unidentified Schizopygopsinae	unidentified Schizopygopsinae	unidentified Schizopygopsinae	unidentified Schizopygopsinae
otu_192	Eukaryota	Metazoa	Chordata	Craniata	Actinopterygii	Actinopteri	Neopterygii	Teleostei	Otomorpha	Ostariophysi	Cypriniphysae	Cypriniformes	Cyprinoidei	Xenocyprididae	Xenocyprididae	Xenocyprididae	Xenocypridinae	Paralaubuca	Paralaubuca	Paralaubuca typus	Paralaubuca typus	unidentified Paralaubuca typus
otu_193	Eukaryota	Metazoa	Chordata	Craniata	Actinopterygii	Actinopteri	Neopterygii	Teleostei	Otomorpha	Ostariophysi	Cypriniphysae	Cypriniformes	Cyprinoidei	Cyprinidae	Cyprinidae	Cyprinidae	Barbinae	Scaphiodonichthys	Scaphiodonichthys	Scaphiodonichthys acanthopterus	Scaphiodonichthys acanthopterus	unidentified Scaphiodonichthys acanthopterus
otu_194	Eukaryota	Metazoa	Chordata	Craniata	Actinopterygii	Actinopteri	Neopterygii	Teleostei	Euteleosteomorpha	Syngnathiformes	Syngnathiformes	Syngnathiformes	Syngnathoidei	Syngnathidae	Syngnathidae	Syngnathidae	Syngnathinae	Doryichthys	Doryichthys	Doryichthys boaja	Doryichthys boaja	unidentified Doryichthys boaja
otu_195	Eukaryota	Metazoa	Chordata	Craniata	Actinopterygii	Actinopteri	Neopterygii	Teleostei	Euteleosteomorpha	Acanthuriformes	Acanthuriformes	Acanthuriformes	Acanthuridae	Acanthuridae	Acanthuridae	Acanthuridae	Acanthurinae	Paracanthurus	Paracanthurus	Paracanthurus hepatus	Paracanthurus hepatus	unidentified Paracanthurus hepatus
otu_196	Eukaryota	Metazoa	Chordata	Craniata	Actinopterygii	Actinopteri	Neopterygii	Teleostei	Otomorpha	Ostariophysi	Characiphysae	Characiformes	Characoidei	Characidae	Characidae	Characidae	Cheirodontinae	Paracheirodon	Paracheirodon	Paracheirodon axelrodi	Paracheirodon axelrodi	unidentified Paracheirodon axelrodi
otu_197	Eukaryota	Metazoa	Chordata	Craniata	Actinopterygii	Actinopteri	Neopterygii	Teleostei	Euteleosteomorpha	Perciformes	Perciformes	Perciformes	Cottioidei	Gasterosteales	Gasterosteidae	Gasterosteidae	Apeltes	Apeltes	Apeltes	Apeltes quadracus	Apeltes quadracus	unidentified Apeltes quadracus
otu_198	Eukaryota	Metazoa	Chordata	Craniata	Actinopterygii	Actinopteri	Neopterygii	Teleostei	Euteleosteomorpha	Atherinomorphae	Atherinomorphae	Cyprinodontiformes	Aplocheiloidei	Nothobranchiidae	Nothobranchiidae	Nothobranchiidae	Nothobranchius	Nothobranchius	Nothobranchius	Nothobranchius thierryi	Nothobranchius thierryi	unidentified Nothobranchius thierryi
otu_199	Eukaryota	Metazoa	Chordata	Craniata	Actinopterygii	Actinopteri	Neopterygii	Teleostei	Euteleosteomorpha	Labriformes	Labriformes	Labriformes	Labridae	Labridae	Labridae	Labridae	Halichoeres	Halichoeres	Halichoeres	Halichoeres trimaculatus	Halichoeres trimaculatus	unidentified Halichoeres trimaculatus
otu_200	Eukaryota	Metazoa	Chordata	Craniata	Actinopterygii	Actinopteri	Neopterygii	Teleostei	Otomorpha	Ostariophysi	Cypriniphysae	Cypriniformes	Cyprinoidei	Leuciscidae	Leuciscidae	Leuciscidae	Laviniinae	Acrocheilus	Acrocheilus	Acrocheilus alutaceus	Acrocheilus alutaceus	unidentified Acrocheilus alutaceus
otu_201	Eukaryota	Metazoa	Chordata	Craniata	Actinopterygii	Actinopteri	Neopterygii	Teleostei	Otomorpha	Ostariophysi	Cypriniphysae	Cypriniformes	Cyprinoidei	Cyprinidae	Cyprinidae	Cyprinidae	Labeoninae	Labeonini	Labeo	Labeo cylindricus	Labeo cylindricus	unidentified Labeo cylindricus
otu_202	Eukaryota	Metazoa	Chordata	Craniata	Actinopterygii	Actinopteri	Neopterygii	Teleostei	Euteleosteomorpha	Lophiiformes	Lophiiformes	Lophiiformes	Lophioidei	Lophiidae	Lophiidae	Lophiidae	Lophiodes	Lophiodes	Lophiodes	Lophiodes caulinaris	Lophiodes caulinaris	unidentified Lophiodes caulinaris
otu_203	Eukaryota	Metazoa	Chordata	Craniata	Actinopterygii	Actinopteri	Neopterygii	Teleostei	Osteoglossiformes	Osteoglossiformes	Osteoglossiformes	Osteoglossiformes	Mormyridae	Mormyridae	Mormyridae	Mormyridae	Campylomormyrus	Campylomormyrus	Campylomormyrus	Campylomormyrus compressirostris	Campylomormyrus compressirostris	unidentified Campylomormyrus compressirostris
otu_204	Eukaryota	Metazoa	Chordata	Craniata	Actinopterygii	Actinopteri	Neopterygii	Teleostei	Euteleosteomorpha	Gobiiformes	Gobiiformes	Gobiiformes	Gobioidei	Gobiidae	Gobiidae	Gobiidae	Gobiinae	Istigobius	Istigobius	Istigobius campbelli	Istigobius campbelli	unidentified Istigobius campbelli
otu_205	Eukaryota	Metazoa	Chordata	Craniata	Actinopterygii	Actinopteri	Neopterygii	Teleostei	Euteleosteomorpha	Gobiiformes	Gobiiformes	Gobiiformes	Gobioidei	Gobiidae	Gobiidae	Gobiidae	Gobionellinae	Pseudogobius	Pseudogobius	Pseudogobius javanicus	Pseudogobius javanicus	unidentified Pseudogobius javanicus
otu_206	Eukaryota	Metazoa	Chordata	Craniata	Actinopterygii	Actinopteri	Neopterygii	Teleostei	Euteleosteomorpha	Perciformes	Perciformes	Perciformes	Triglioidei	Triglidae	Triglidae	Triglidae	unidentified Triglidae	unidentified Triglidae	unidentified Triglidae	unidentified Triglidae	unidentified Triglidae	unidentified Triglidae
otu_207	Eukaryota	Metazoa	Chordata	Craniata	Actinopterygii	Actinopteri	Neopterygii	Teleostei	Euteleosteomorpha	Sillaginidae	Sillaginidae	Sillaginidae	Sillaginidae	Sillaginidae	Sillaginidae	Sillaginidae	Sillago	Sillago	Sillago	Sillago indica	Sillago indica	unidentified Sillago indica
otu_208	Eukaryota	Metazoa	Chordata	Craniata	Actinopterygii	Actinopteri	Neopterygii	Teleostei	Euteleosteomorpha	Gobiiformes	Gobiiformes	Gobiiformes	Gobioidei	Odontobutidae	Odontobutidae	Odontobutidae	Odontobutis	Odontobutis	Odontobutis	Odontobutis potamophila	Odontobutis potamophila	unidentified Odontobutis potamophila
otu_209	Eukaryota	Metazoa	Chordata	Craniata	Actinopterygii	Actinopteri	Neopterygii	Teleostei	Euteleosteomorpha	Scombriformes	Scombriformes	Scombriformes	Stromateidae	Stromateidae	Stromateidae	Stromateidae	Pampus	Pampus	Pampus	Pampus chinensis	Pampus chinensis	unidentified Pampus chinensis
otu_210	Eukaryota	Metazoa	Chordata	Craniata	Actinopterygii	Actinopteri	Neopterygii	Teleostei	Euteleosteomorpha	Syngnathiformes	Syngnathiformes	Syngnathiformes	Syngnathoidei	Syngnathidae	Syngnathidae	Syngnathidae	Hippocampinae	Hippocampus	Hippocampus	Hippocampus mohnikei	Hippocampus mohnikei	unidentified Hippocampus mohnikei
otu_211	Eukaryota	Metazoa	Chordata	Craniata	Actinopterygii	Actinopteri	Neopterygii	Teleostei	Euteleosteomorpha	Atherinomorphae	Atherinomorphae	Cyprinodontiformes	Aplocheiloidei	Nothobranchiidae	Nothobranchiidae	Nothobranchiidae	Aphyosemion	Aphyosemion	Aphyosemion	Aphyosemion cyanostictum	Aphyosemion cyanostictum	unidentified Aphyosemion cyanostictum
otu_212	Eukaryota	Metazoa	Chordata	Craniata	Actinopterygii	Actinopteri	Neopterygii	Teleostei	Euteleosteomorpha	Atherinomorphae	Atherinomorphae	Cyprinodontiformes	Cyprinodontoidei	Fundulidae	Fundulidae	Fundulidae	Fundulus	Fundulus	Fundulus	Fundulus diaphanus	Fundulus diaphanus	unidentified Fundulus diaphanus
otu_213	Eukaryota	Metazoa	Chordata	Craniata	Actinopterygii	Actinopteri	Neopterygii	Teleostei	Otomorpha	Ostariophysi	Characiphysae	Siluriformes	Siluroidei	Sisoridae	Sisoridae	Sisoridae	unidentified Sisoridae	unidentified Sisoridae	unidentified Sisoridae	unidentified Sisoridae	unidentified Sisoridae	unidentified Sisoridae
otu_214	Eukaryota	Metazoa	Chordata	Craniata	Actinopterygii	Actinopteri	Neopterygii	Teleostei	Euteleosteomorpha	Aulopiformes	Aulopiformes	Aulopiformes	Aulopoidei	Aulopidae	Aulopidae	Aulopidae	Hime	Hime	Hime	Hime japonica	Hime japonica	unidentified Hime japonica
otu_215	Eukaryota	Metazoa	Chordata	Craniata	Actinopterygii	Actinopteri	Neopterygii	Teleostei	Euteleosteomorpha	Cichlomorphae	Cichlomorphae	Cichliformes	Cichlidae	Cichlidae	Cichlidae	Cichlidae	Etroplinae	Paretroplus	Paretroplus	Paretroplus maculatus	Paretroplus maculatus	unidentified Paretroplus maculatus
otu_216	Eukaryota	Metazoa	Chordata	Craniata	Actinopterygii	Actinopteri	Neopterygii	Teleostei	Otomorpha	Ostariophysi	Characiphysae	Siluriformes	Siluroidei	Cranoglanididae	Cranoglanididae	Cranoglanididae	Cranoglanis	Cranoglanis	Cranoglanis	Cranoglanis bouderius	Cranoglanis bouderius	unidentified Cranoglanis bouderius
otu_217	Eukaryota	Metazoa	Chordata	Craniata	Actinopterygii	Actinopteri	Neopterygii	Teleostei	Euteleosteomorpha	Gobiiformes	Gobiiformes	Gobiiformes	Eleotroidei	Eleotridae	Eleotridae	Eleotridae	Eleotrinae	Eleotris	Eleotris	unidentified Eleotris	unidentified Eleotris	unidentified Eleotris
otu_218	Eukaryota	Metazoa	Chordata	Craniata	Actinopterygii	Actinopteri	Neopterygii	Teleostei	Otomorpha	Ostariophysi	Characiphysae	Siluriformes	Siluroidei	Bagridae	Bagridae	Bagridae	Mystus	Mystus	Mystus	unidentified Mystus	unidentified Mystus	unidentified Mystus
otu_219	Eukaryota	Metazoa	Chordata	Craniata	Actinopterygii	Actinopteri	Neopterygii	Teleostei	Otomorpha	Ostariophysi	Cypriniphysae	Cypriniformes	Cyprinoidei	Leuciscidae	Leuciscidae	Leuciscidae	Laviniinae	Chrosomus	Chrosomus	Chrosomus erythrogaster	Chrosomus erythrogaster	unidentified Chrosomus erythrogaster
otu_220	Eukaryota	Metazoa	Chordata	Craniata	Actinopterygii	Actinopteri	Neopterygii	Teleostei	Otomorpha	Ostariophysi	Cypriniphysae	Cypriniformes	Cobitoidei	Balitoridae	Balitoridae	Balitoridae	Pseudohomaloptera	Pseudohomaloptera	Pseudohomaloptera	Pseudohomaloptera leonardi	Pseudohomaloptera leonardi	unidentified Pseudohomaloptera leonardi
